날짜,구,건수
2021-01-01,강남구,3
2021-01-01,강동구,0
2021-01-01,강북구,16
2021-01-01,강서구,57
2021-01-01,관악구,1924
2021-01-01,구로구,2577
2021-01-01,금천구,556
2021-01-01,노원구,132
2021-01-01,도봉구,486
2021-01-01,동작구,945
2021-01-01,마포구,13
2021-01-01,서대문구,18
2021-01-01,서초구,182
2021-01-01,성동구,0
2021-01-01,성북구,0
2021-01-01,송파구,0
2021-01-01,양천구,409
2021-01-01,영등포구,847
2021-01-01,용산구,13
2021-01-01,은평구,601
2021-01-01,종로구,2
2021-01-01,중구,5
2021-01-01,중랑구,0
2021-01-02,강남구,10
2021-01-02,강동구,0
2021-01-02,강북구,14
2021-01-02,강서구,82
2021-01-02,관악구,2103
2021-01-02,구로구,2758
2021-01-02,금천구,602
2021-01-02,노원구,95
2021-01-02,도봉구,471
2021-01-02,동작구,1378
2021-01-02,마포구,24
2021-01-02,서대문구,25
2021-01-02,서초구,210
2021-01-02,성동구,0
2021-01-02,성북구,0
2021-01-02,송파구,1
2021-01-02,양천구,388
2021-01-02,영등포구,913
2021-01-02,용산구,56
2021-01-02,은평구,550
2021-01-02,종로구,2
2021-01-02,중구,12
2021-01-02,중랑구,0
2021-01-03,강남구,1
2021-01-03,강동구,0
2021-01-03,강북구,6
2021-01-03,강서구,70
2021-01-03,관악구,2145
2021-01-03,구로구,2404
2021-01-03,금천구,601
2021-01-03,노원구,82
2021-01-03,도봉구,426
2021-01-03,동작구,1322
2021-01-03,마포구,27
2021-01-03,서대문구,28
2021-01-03,서초구,151
2021-01-03,성동구,0
2021-01-03,성북구,0
2021-01-03,송파구,0
2021-01-03,양천구,361
2021-01-03,영등포구,891
2021-01-03,용산구,67
2021-01-03,은평구,536
2021-01-03,종로구,1
2021-01-03,중구,23
2021-01-03,중랑구,0
2021-01-04,강남구,32
2021-01-04,강동구,0
2021-01-04,강북구,6
2021-01-04,강서구,60
2021-01-04,관악구,1247
2021-01-04,구로구,1812
2021-01-04,금천구,490
2021-01-04,노원구,51
2021-01-04,도봉구,190
2021-01-04,동작구,874
2021-01-04,마포구,23
2021-01-04,서대문구,20
2021-01-04,서초구,192
2021-01-04,성동구,1
2021-01-04,성북구,0
2021-01-04,송파구,0
2021-01-04,양천구,219
2021-01-04,영등포구,740
2021-01-04,용산구,31
2021-01-04,은평구,404
2021-01-04,종로구,0
2021-01-04,중구,10
2021-01-04,중랑구,0
2021-01-05,강남구,21
2021-01-05,강동구,0
2021-01-05,강북구,6
2021-01-05,강서구,54
2021-01-05,관악구,1297
2021-01-05,구로구,1867
2021-01-05,금천구,428
2021-01-05,노원구,73
2021-01-05,도봉구,359
2021-01-05,동작구,882
2021-01-05,마포구,30
2021-01-05,서대문구,16
2021-01-05,서초구,255
2021-01-05,성동구,0
2021-01-05,성북구,0
2021-01-05,송파구,0
2021-01-05,양천구,311
2021-01-05,영등포구,753
2021-01-05,용산구,69
2021-01-05,은평구,353
2021-01-05,종로구,2
2021-01-05,중구,31
2021-01-05,중랑구,0
2021-01-06,강남구,19
2021-01-06,강동구,0
2021-01-06,강북구,6
2021-01-06,강서구,41
2021-01-06,관악구,606
2021-01-06,구로구,1023
2021-01-06,금천구,240
2021-01-06,노원구,60
2021-01-06,도봉구,252
2021-01-06,동작구,442
2021-01-06,마포구,12
2021-01-06,서대문구,12
2021-01-06,서초구,87
2021-01-06,성동구,0
2021-01-06,성북구,0
2021-01-06,송파구,0
2021-01-06,양천구,157
2021-01-06,영등포구,387
2021-01-06,용산구,31
2021-01-06,은평구,365
2021-01-06,종로구,1
2021-01-06,중구,16
2021-01-06,중랑구,0
2021-01-07,강남구,0
2021-01-07,강동구,0
2021-01-07,강북구,0
2021-01-07,강서구,1
2021-01-07,관악구,3
2021-01-07,구로구,11
2021-01-07,금천구,3
2021-01-07,노원구,3
2021-01-07,도봉구,20
2021-01-07,동작구,0
2021-01-07,마포구,3
2021-01-07,서대문구,5
2021-01-07,서초구,0
2021-01-07,성동구,0
2021-01-07,성북구,0
2021-01-07,송파구,0
2021-01-07,양천구,1
2021-01-07,영등포구,36
2021-01-07,용산구,5
2021-01-07,은평구,1
2021-01-07,종로구,0
2021-01-07,중구,3
2021-01-07,중랑구,0
2021-01-08,강남구,17
2021-01-08,강동구,0
2021-01-08,강북구,0
2021-01-08,강서구,59
2021-01-08,관악구,1
2021-01-08,구로구,772
2021-01-08,금천구,8
2021-01-08,노원구,12
2021-01-08,도봉구,411
2021-01-08,동작구,2
2021-01-08,마포구,14
2021-01-08,서대문구,22
2021-01-08,서초구,7
2021-01-08,성동구,0
2021-01-08,성북구,0
2021-01-08,송파구,1
2021-01-08,양천구,150
2021-01-08,영등포구,152
2021-01-08,용산구,44
2021-01-08,은평구,556
2021-01-08,종로구,1
2021-01-08,중구,36
2021-01-08,중랑구,0
2021-01-09,강남구,26
2021-01-09,강동구,0
2021-01-09,강북구,9
2021-01-09,강서구,114
2021-01-09,관악구,601
2021-01-09,구로구,1264
2021-01-09,금천구,28
2021-01-09,노원구,67
2021-01-09,도봉구,588
2021-01-09,동작구,211
2021-01-09,마포구,38
2021-01-09,서대문구,37
2021-01-09,서초구,111
2021-01-09,성동구,0
2021-01-09,성북구,0
2021-01-09,송파구,1
2021-01-09,양천구,234
2021-01-09,영등포구,449
2021-01-09,용산구,88
2021-01-09,은평구,778
2021-01-09,종로구,1
2021-01-09,중구,27
2021-01-09,중랑구,0
2021-01-10,강남구,12
2021-01-10,강동구,0
2021-01-10,강북구,7
2021-01-10,강서구,134
2021-01-10,관악구,919
2021-01-10,구로구,2778
2021-01-10,금천구,273
2021-01-10,노원구,90
2021-01-10,도봉구,433
2021-01-10,동작구,570
2021-01-10,마포구,48
2021-01-10,서대문구,28
2021-01-10,서초구,174
2021-01-10,성동구,0
2021-01-10,성북구,0
2021-01-10,송파구,0
2021-01-10,양천구,276
2021-01-10,영등포구,470
2021-01-10,용산구,105
2021-01-10,은평구,631
2021-01-10,종로구,2
2021-01-10,중구,27
2021-01-10,중랑구,0
2021-01-11,강남구,24
2021-01-11,강동구,0
2021-01-11,강북구,4
2021-01-11,강서구,63
2021-01-11,관악구,529
2021-01-11,구로구,1922
2021-01-11,금천구,446
2021-01-11,노원구,76
2021-01-11,도봉구,294
2021-01-11,동작구,483
2021-01-11,마포구,22
2021-01-11,서대문구,11
2021-01-11,서초구,234
2021-01-11,성동구,0
2021-01-11,성북구,0
2021-01-11,송파구,0
2021-01-11,양천구,264
2021-01-11,영등포구,500
2021-01-11,용산구,28
2021-01-11,은평구,540
2021-01-11,종로구,0
2021-01-11,중구,6
2021-01-11,중랑구,1
2021-01-12,강남구,23
2021-01-12,강동구,0
2021-01-12,강북구,0
2021-01-12,강서구,22
2021-01-12,관악구,317
2021-01-12,구로구,579
2021-01-12,금천구,115
2021-01-12,노원구,21
2021-01-12,도봉구,166
2021-01-12,동작구,286
2021-01-12,마포구,12
2021-01-12,서대문구,6
2021-01-12,서초구,136
2021-01-12,성동구,0
2021-01-12,성북구,0
2021-01-12,송파구,0
2021-01-12,양천구,106
2021-01-12,영등포구,220
2021-01-12,용산구,28
2021-01-12,은평구,154
2021-01-12,종로구,0
2021-01-12,중구,11
2021-01-12,중랑구,0
2021-01-13,강남구,19
2021-01-13,강동구,0
2021-01-13,강북구,1
2021-01-13,강서구,53
2021-01-13,관악구,1241
2021-01-13,구로구,1775
2021-01-13,금천구,522
2021-01-13,노원구,62
2021-01-13,도봉구,310
2021-01-13,동작구,821
2021-01-13,마포구,33
2021-01-13,서대문구,14
2021-01-13,서초구,203
2021-01-13,성동구,0
2021-01-13,성북구,0
2021-01-13,송파구,0
2021-01-13,양천구,281
2021-01-13,영등포구,567
2021-01-13,용산구,62
2021-01-13,은평구,506
2021-01-13,종로구,1
2021-01-13,중구,16
2021-01-13,중랑구,0
2021-01-14,강남구,25
2021-01-14,강동구,0
2021-01-14,강북구,4
2021-01-14,강서구,59
2021-01-14,관악구,1224
2021-01-14,구로구,1867
2021-01-14,금천구,455
2021-01-14,노원구,85
2021-01-14,도봉구,331
2021-01-14,동작구,882
2021-01-14,마포구,15
2021-01-14,서대문구,16
2021-01-14,서초구,201
2021-01-14,성동구,0
2021-01-14,성북구,0
2021-01-14,송파구,0
2021-01-14,양천구,234
2021-01-14,영등포구,595
2021-01-14,용산구,57
2021-01-14,은평구,526
2021-01-14,종로구,0
2021-01-14,중구,14
2021-01-14,중랑구,0
2021-01-15,강남구,17
2021-01-15,강동구,0
2021-01-15,강북구,7
2021-01-15,강서구,69
2021-01-15,관악구,1495
2021-01-15,구로구,2219
2021-01-15,금천구,557
2021-01-15,노원구,95
2021-01-15,도봉구,442
2021-01-15,동작구,1034
2021-01-15,마포구,27
2021-01-15,서대문구,18
2021-01-15,서초구,195
2021-01-15,성동구,0
2021-01-15,성북구,0
2021-01-15,송파구,0
2021-01-15,양천구,301
2021-01-15,영등포구,787
2021-01-15,용산구,65
2021-01-15,은평구,629
2021-01-15,종로구,0
2021-01-15,중구,23
2021-01-15,중랑구,0
2021-01-16,강남구,11
2021-01-16,강동구,0
2021-01-16,강북구,8
2021-01-16,강서구,68
2021-01-16,관악구,1911
2021-01-16,구로구,2593
2021-01-16,금천구,593
2021-01-16,노원구,103
2021-01-16,도봉구,523
2021-01-16,동작구,1217
2021-01-16,마포구,27
2021-01-16,서대문구,22
2021-01-16,서초구,232
2021-01-16,성동구,0
2021-01-16,성북구,0
2021-01-16,송파구,1
2021-01-16,양천구,341
2021-01-16,영등포구,747
2021-01-16,용산구,80
2021-01-16,은평구,658
2021-01-16,종로구,2
2021-01-16,중구,34
2021-01-16,중랑구,0
2021-01-17,강남구,4
2021-01-17,강동구,0
2021-01-17,강북구,9
2021-01-17,강서구,72
2021-01-17,관악구,1553
2021-01-17,구로구,2086
2021-01-17,금천구,428
2021-01-17,노원구,82
2021-01-17,도봉구,397
2021-01-17,동작구,1004
2021-01-17,마포구,33
2021-01-17,서대문구,27
2021-01-17,서초구,166
2021-01-17,성동구,0
2021-01-17,성북구,0
2021-01-17,송파구,0
2021-01-17,양천구,299
2021-01-17,영등포구,692
2021-01-17,용산구,67
2021-01-17,은평구,565
2021-01-17,종로구,2
2021-01-17,중구,15
2021-01-17,중랑구,0
2021-01-18,강남구,5
2021-01-18,강동구,0
2021-01-18,강북구,0
2021-01-18,강서구,43
2021-01-18,관악구,1231
2021-01-18,구로구,1661
2021-01-18,금천구,397
2021-01-18,노원구,0
2021-01-18,도봉구,2
2021-01-18,동작구,627
2021-01-18,마포구,28
2021-01-18,서대문구,14
2021-01-18,서초구,179
2021-01-18,성동구,0
2021-01-18,성북구,0
2021-01-18,송파구,0
2021-01-18,양천구,216
2021-01-18,영등포구,454
2021-01-18,용산구,32
2021-01-18,은평구,392
2021-01-18,종로구,0
2021-01-18,중구,13
2021-01-18,중랑구,0
2021-01-19,강남구,8
2021-01-19,강동구,0
2021-01-19,강북구,8
2021-01-19,강서구,59
2021-01-19,관악구,1134
2021-01-19,구로구,1559
2021-01-19,금천구,367
2021-01-19,노원구,76
2021-01-19,도봉구,267
2021-01-19,동작구,779
2021-01-19,마포구,22
2021-01-19,서대문구,16
2021-01-19,서초구,193
2021-01-19,성동구,0
2021-01-19,성북구,0
2021-01-19,송파구,0
2021-01-19,양천구,212
2021-01-19,영등포구,510
2021-01-19,용산구,73
2021-01-19,은평구,392
2021-01-19,종로구,1
2021-01-19,중구,12
2021-01-19,중랑구,0
2021-01-20,강남구,9
2021-01-20,강동구,0
2021-01-20,강북구,8
2021-01-20,강서구,69
2021-01-20,관악구,1126
2021-01-20,구로구,1565
2021-01-20,금천구,414
2021-01-20,노원구,64
2021-01-20,도봉구,298
2021-01-20,동작구,859
2021-01-20,마포구,20
2021-01-20,서대문구,12
2021-01-20,서초구,193
2021-01-20,성동구,0
2021-01-20,성북구,0
2021-01-20,송파구,0
2021-01-20,양천구,218
2021-01-20,영등포구,601
2021-01-20,용산구,59
2021-01-20,은평구,415
2021-01-20,종로구,0
2021-01-20,중구,21
2021-01-20,중랑구,0
2021-01-21,강남구,10
2021-01-21,강동구,0
2021-01-21,강북구,6
2021-01-21,강서구,68
2021-01-21,관악구,1295
2021-01-21,구로구,1743
2021-01-21,금천구,409
2021-01-21,노원구,63
2021-01-21,도봉구,363
2021-01-21,동작구,912
2021-01-21,마포구,16
2021-01-21,서대문구,16
2021-01-21,서초구,208
2021-01-21,성동구,0
2021-01-21,성북구,0
2021-01-21,송파구,0
2021-01-21,양천구,274
2021-01-21,영등포구,685
2021-01-21,용산구,53
2021-01-21,은평구,472
2021-01-21,종로구,1
2021-01-21,중구,16
2021-01-21,중랑구,0
2021-01-22,강남구,6
2021-01-22,강동구,0
2021-01-22,강북구,5
2021-01-22,강서구,84
2021-01-22,관악구,1572
2021-01-22,구로구,2043
2021-01-22,금천구,491
2021-01-22,노원구,103
2021-01-22,도봉구,392
2021-01-22,동작구,1026
2021-01-22,마포구,31
2021-01-22,서대문구,18
2021-01-22,서초구,202
2021-01-22,성동구,0
2021-01-22,성북구,0
2021-01-22,송파구,0
2021-01-22,양천구,269
2021-01-22,영등포구,743
2021-01-22,용산구,55
2021-01-22,은평구,470
2021-01-22,종로구,2
2021-01-22,중구,19
2021-01-22,중랑구,0
2021-01-23,강남구,10
2021-01-23,강동구,0
2021-01-23,강북구,13
2021-01-23,강서구,86
2021-01-23,관악구,1681
2021-01-23,구로구,2327
2021-01-23,금천구,457
2021-01-23,노원구,79
2021-01-23,도봉구,450
2021-01-23,동작구,1149
2021-01-23,마포구,33
2021-01-23,서대문구,18
2021-01-23,서초구,209
2021-01-23,성동구,0
2021-01-23,성북구,0
2021-01-23,송파구,0
2021-01-23,양천구,318
2021-01-23,영등포구,716
2021-01-23,용산구,73
2021-01-23,은평구,563
2021-01-23,종로구,0
2021-01-23,중구,22
2021-01-23,중랑구,0
2021-01-24,강남구,4
2021-01-24,강동구,0
2021-01-24,강북구,12
2021-01-24,강서구,87
2021-01-24,관악구,1654
2021-01-24,구로구,2093
2021-01-24,금천구,428
2021-01-24,노원구,107
2021-01-24,도봉구,388
2021-01-24,동작구,1054
2021-01-24,마포구,39
2021-01-24,서대문구,16
2021-01-24,서초구,173
2021-01-24,성동구,0
2021-01-24,성북구,0
2021-01-24,송파구,0
2021-01-24,양천구,314
2021-01-24,영등포구,767
2021-01-24,용산구,80
2021-01-24,은평구,426
2021-01-24,종로구,2
2021-01-24,중구,16
2021-01-24,중랑구,1
2021-01-25,강남구,8
2021-01-25,강동구,0
2021-01-25,강북구,2
2021-01-25,강서구,71
2021-01-25,관악구,1166
2021-01-25,구로구,1639
2021-01-25,금천구,327
2021-01-25,노원구,63
2021-01-25,도봉구,291
2021-01-25,동작구,783
2021-01-25,마포구,15
2021-01-25,서대문구,10
2021-01-25,서초구,215
2021-01-25,성동구,0
2021-01-25,성북구,0
2021-01-25,송파구,0
2021-01-25,양천구,188
2021-01-25,영등포구,634
2021-01-25,용산구,39
2021-01-25,은평구,423
2021-01-25,종로구,0
2021-01-25,중구,6
2021-01-25,중랑구,0
2021-01-26,강남구,13
2021-01-26,강동구,0
2021-01-26,강북구,9
2021-01-26,강서구,58
2021-01-26,관악구,1254
2021-01-26,구로구,1606
2021-01-26,금천구,304
2021-01-26,노원구,80
2021-01-26,도봉구,373
2021-01-26,동작구,849
2021-01-26,마포구,22
2021-01-26,서대문구,16
2021-01-26,서초구,251
2021-01-26,성동구,0
2021-01-26,성북구,0
2021-01-26,송파구,0
2021-01-26,양천구,214
2021-01-26,영등포구,566
2021-01-26,용산구,85
2021-01-26,은평구,396
2021-01-26,종로구,1
2021-01-26,중구,22
2021-01-26,중랑구,0
2021-01-27,강남구,9
2021-01-27,강동구,0
2021-01-27,강북구,7
2021-01-27,강서구,48
2021-01-27,관악구,1185
2021-01-27,구로구,1535
2021-01-27,금천구,361
2021-01-27,노원구,60
2021-01-27,도봉구,336
2021-01-27,동작구,784
2021-01-27,마포구,24
2021-01-27,서대문구,21
2021-01-27,서초구,233
2021-01-27,성동구,0
2021-01-27,성북구,0
2021-01-27,송파구,0
2021-01-27,양천구,235
2021-01-27,영등포구,533
2021-01-27,용산구,67
2021-01-27,은평구,425
2021-01-27,종로구,0
2021-01-27,중구,23
2021-01-27,중랑구,0
2021-01-28,강남구,4
2021-01-28,강동구,0
2021-01-28,강북구,4
2021-01-28,강서구,77
2021-01-28,관악구,1122
2021-01-28,구로구,1595
2021-01-28,금천구,300
2021-01-28,노원구,50
2021-01-28,도봉구,357
2021-01-28,동작구,747
2021-01-28,마포구,29
2021-01-28,서대문구,24
2021-01-28,서초구,219
2021-01-28,성동구,0
2021-01-28,성북구,0
2021-01-28,송파구,0
2021-01-28,양천구,256
2021-01-28,영등포구,464
2021-01-28,용산구,94
2021-01-28,은평구,348
2021-01-28,종로구,3
2021-01-28,중구,25
2021-01-28,중랑구,0
2021-01-29,강남구,4
2021-01-29,강동구,0
2021-01-29,강북구,10
2021-01-29,강서구,75
2021-01-29,관악구,1480
2021-01-29,구로구,2218
2021-01-29,금천구,463
2021-01-29,노원구,86
2021-01-29,도봉구,392
2021-01-29,동작구,976
2021-01-29,마포구,44
2021-01-29,서대문구,13
2021-01-29,서초구,302
2021-01-29,성동구,0
2021-01-29,성북구,0
2021-01-29,송파구,0
2021-01-29,양천구,307
2021-01-29,영등포구,686
2021-01-29,용산구,95
2021-01-29,은평구,504
2021-01-29,종로구,3
2021-01-29,중구,25
2021-01-29,중랑구,0
2021-01-30,강남구,8
2021-01-30,강동구,0
2021-01-30,강북구,5
2021-01-30,강서구,79
2021-01-30,관악구,1751
2021-01-30,구로구,2287
2021-01-30,금천구,430
2021-01-30,노원구,100
2021-01-30,도봉구,405
2021-01-30,동작구,1102
2021-01-30,마포구,41
2021-01-30,서대문구,28
2021-01-30,서초구,292
2021-01-30,성동구,0
2021-01-30,성북구,0
2021-01-30,송파구,0
2021-01-30,양천구,311
2021-01-30,영등포구,427
2021-01-30,용산구,81
2021-01-30,은평구,511
2021-01-30,종로구,2
2021-01-30,중구,37
2021-01-30,중랑구,0
2021-01-31,강남구,3
2021-01-31,강동구,0
2021-01-31,강북구,8
2021-01-31,강서구,91
2021-01-31,관악구,1815
2021-01-31,구로구,2130
2021-01-31,금천구,444
2021-01-31,노원구,85
2021-01-31,도봉구,372
2021-01-31,동작구,1138
2021-01-31,마포구,34
2021-01-31,서대문구,43
2021-01-31,서초구,227
2021-01-31,성동구,0
2021-01-31,성북구,0
2021-01-31,송파구,0
2021-01-31,양천구,348
2021-01-31,영등포구,266
2021-01-31,용산구,91
2021-01-31,은평구,445
2021-01-31,종로구,3
2021-01-31,중구,32
2021-01-31,중랑구,0
2021-02-01,강남구,13
2021-02-01,강동구,0
2021-02-01,강북구,9
2021-02-01,강서구,77
2021-02-01,관악구,1166
2021-02-01,구로구,1414
2021-02-01,금천구,330
2021-02-01,노원구,61
2021-02-01,도봉구,212
2021-02-01,동작구,848
2021-02-01,마포구,21
2021-02-01,서대문구,17
2021-02-01,서초구,193
2021-02-01,성동구,0
2021-02-01,성북구,0
2021-02-01,송파구,0
2021-02-01,양천구,205
2021-02-01,영등포구,313
2021-02-01,용산구,25
2021-02-01,은평구,371
2021-02-01,종로구,0
2021-02-01,중구,13
2021-02-01,중랑구,0
2021-02-02,강남구,14
2021-02-02,강동구,0
2021-02-02,강북구,7
2021-02-02,강서구,63
2021-02-02,관악구,1223
2021-02-02,구로구,1464
2021-02-02,금천구,323
2021-02-02,노원구,65
2021-02-02,도봉구,323
2021-02-02,동작구,876
2021-02-02,마포구,20
2021-02-02,서대문구,29
2021-02-02,서초구,210
2021-02-02,성동구,0
2021-02-02,성북구,0
2021-02-02,송파구,0
2021-02-02,양천구,260
2021-02-02,영등포구,336
2021-02-02,용산구,88
2021-02-02,은평구,392
2021-02-02,종로구,0
2021-02-02,중구,30
2021-02-02,중랑구,0
2021-02-03,강남구,4
2021-02-03,강동구,0
2021-02-03,강북구,5
2021-02-03,강서구,54
2021-02-03,관악구,1007
2021-02-03,구로구,1377
2021-02-03,금천구,268
2021-02-03,노원구,51
2021-02-03,도봉구,257
2021-02-03,동작구,698
2021-02-03,마포구,20
2021-02-03,서대문구,12
2021-02-03,서초구,200
2021-02-03,성동구,0
2021-02-03,성북구,0
2021-02-03,송파구,0
2021-02-03,양천구,183
2021-02-03,영등포구,298
2021-02-03,용산구,71
2021-02-03,은평구,322
2021-02-03,종로구,0
2021-02-03,중구,25
2021-02-03,중랑구,0
2021-02-04,강남구,5
2021-02-04,강동구,0
2021-02-04,강북구,2
2021-02-04,강서구,86
2021-02-04,관악구,554
2021-02-04,구로구,1394
2021-02-04,금천구,32
2021-02-04,노원구,73
2021-02-04,도봉구,345
2021-02-04,동작구,522
2021-02-04,마포구,42
2021-02-04,서대문구,29
2021-02-04,서초구,246
2021-02-04,성동구,0
2021-02-04,성북구,0
2021-02-04,송파구,0
2021-02-04,양천구,220
2021-02-04,영등포구,339
2021-02-04,용산구,96
2021-02-04,은평구,372
2021-02-04,종로구,1
2021-02-04,중구,28
2021-02-04,중랑구,0
2021-02-05,강남구,12
2021-02-05,강동구,0
2021-02-05,강북구,2
2021-02-05,강서구,59
2021-02-05,관악구,1403
2021-02-05,구로구,1899
2021-02-05,금천구,445
2021-02-05,노원구,74
2021-02-05,도봉구,375
2021-02-05,동작구,1130
2021-02-05,마포구,43
2021-02-05,서대문구,27
2021-02-05,서초구,295
2021-02-05,성동구,0
2021-02-05,성북구,0
2021-02-05,송파구,0
2021-02-05,양천구,318
2021-02-05,영등포구,400
2021-02-05,용산구,83
2021-02-05,은평구,492
2021-02-05,종로구,0
2021-02-05,중구,31
2021-02-05,중랑구,0
2021-02-06,강남구,10
2021-02-06,강동구,0
2021-02-06,강북구,1
2021-02-06,강서구,108
2021-02-06,관악구,1833
2021-02-06,구로구,2209
2021-02-06,금천구,392
2021-02-06,노원구,82
2021-02-06,도봉구,390
2021-02-06,동작구,1251
2021-02-06,마포구,33
2021-02-06,서대문구,23
2021-02-06,서초구,274
2021-02-06,성동구,0
2021-02-06,성북구,0
2021-02-06,송파구,0
2021-02-06,양천구,311
2021-02-06,영등포구,423
2021-02-06,용산구,89
2021-02-06,은평구,458
2021-02-06,종로구,2
2021-02-06,중구,30
2021-02-06,중랑구,0
2021-02-07,강남구,5
2021-02-07,강동구,0
2021-02-07,강북구,8
2021-02-07,강서구,91
2021-02-07,관악구,1833
2021-02-07,구로구,2005
2021-02-07,금천구,362
2021-02-07,노원구,79
2021-02-07,도봉구,317
2021-02-07,동작구,1222
2021-02-07,마포구,46
2021-02-07,서대문구,48
2021-02-07,서초구,246
2021-02-07,성동구,0
2021-02-07,성북구,0
2021-02-07,송파구,0
2021-02-07,양천구,302
2021-02-07,영등포구,423
2021-02-07,용산구,114
2021-02-07,은평구,477
2021-02-07,종로구,0
2021-02-07,중구,31
2021-02-07,중랑구,0
2021-02-08,강남구,15
2021-02-08,강동구,0
2021-02-08,강북구,1
2021-02-08,강서구,45
2021-02-08,관악구,1075
2021-02-08,구로구,1501
2021-02-08,금천구,265
2021-02-08,노원구,53
2021-02-08,도봉구,272
2021-02-08,동작구,891
2021-02-08,마포구,26
2021-02-08,서대문구,27
2021-02-08,서초구,265
2021-02-08,성동구,0
2021-02-08,성북구,0
2021-02-08,송파구,0
2021-02-08,양천구,231
2021-02-08,영등포구,466
2021-02-08,용산구,34
2021-02-08,은평구,382
2021-02-08,종로구,0
2021-02-08,중구,14
2021-02-08,중랑구,0
2021-02-09,강남구,14
2021-02-09,강동구,0
2021-02-09,강북구,1
2021-02-09,강서구,72
2021-02-09,관악구,1129
2021-02-09,구로구,1627
2021-02-09,금천구,373
2021-02-09,노원구,84
2021-02-09,도봉구,348
2021-02-09,동작구,900
2021-02-09,마포구,37
2021-02-09,서대문구,21
2021-02-09,서초구,237
2021-02-09,성동구,0
2021-02-09,성북구,0
2021-02-09,송파구,0
2021-02-09,양천구,273
2021-02-09,영등포구,398
2021-02-09,용산구,81
2021-02-09,은평구,454
2021-02-09,종로구,1
2021-02-09,중구,29
2021-02-09,중랑구,0
2021-02-10,강남구,16
2021-02-10,강동구,0
2021-02-10,강북구,8
2021-02-10,강서구,85
2021-02-10,관악구,1287
2021-02-10,구로구,1833
2021-02-10,금천구,371
2021-02-10,노원구,82
2021-02-10,도봉구,386
2021-02-10,동작구,994
2021-02-10,마포구,43
2021-02-10,서대문구,26
2021-02-10,서초구,266
2021-02-10,성동구,0
2021-02-10,성북구,0
2021-02-10,송파구,0
2021-02-10,양천구,303
2021-02-10,영등포구,466
2021-02-10,용산구,78
2021-02-10,은평구,523
2021-02-10,종로구,1
2021-02-10,중구,22
2021-02-10,중랑구,0
2021-02-11,강남구,3
2021-02-11,강동구,0
2021-02-11,강북구,7
2021-02-11,강서구,70
2021-02-11,관악구,1153
2021-02-11,구로구,1319
2021-02-11,금천구,214
2021-02-11,노원구,41
2021-02-11,도봉구,237
2021-02-11,동작구,800
2021-02-11,마포구,41
2021-02-11,서대문구,21
2021-02-11,서초구,193
2021-02-11,성동구,0
2021-02-11,성북구,0
2021-02-11,송파구,0
2021-02-11,양천구,278
2021-02-11,영등포구,324
2021-02-11,용산구,79
2021-02-11,은평구,371
2021-02-11,종로구,2
2021-02-11,중구,17
2021-02-11,중랑구,0
2021-02-12,강남구,3
2021-02-12,강동구,0
2021-02-12,강북구,2
2021-02-12,강서구,32
2021-02-12,관악구,569
2021-02-12,구로구,1303
2021-02-12,금천구,72
2021-02-12,노원구,0
2021-02-12,도봉구,2
2021-02-12,동작구,721
2021-02-12,마포구,0
2021-02-12,서대문구,0
2021-02-12,서초구,199
2021-02-12,성동구,0
2021-02-12,성북구,0
2021-02-12,송파구,0
2021-02-12,양천구,258
2021-02-12,영등포구,255
2021-02-12,용산구,0
2021-02-12,은평구,425
2021-02-12,종로구,0
2021-02-12,중구,0
2021-02-12,중랑구,0
2021-02-13,강남구,2
2021-02-13,강동구,0
2021-02-13,강북구,10
2021-02-13,강서구,59
2021-02-13,관악구,1364
2021-02-13,구로구,1909
2021-02-13,금천구,363
2021-02-13,노원구,56
2021-02-13,도봉구,232
2021-02-13,동작구,1030
2021-02-13,마포구,25
2021-02-13,서대문구,18
2021-02-13,서초구,212
2021-02-13,성동구,0
2021-02-13,성북구,0
2021-02-13,송파구,0
2021-02-13,양천구,321
2021-02-13,영등포구,432
2021-02-13,용산구,33
2021-02-13,은평구,472
2021-02-13,종로구,0
2021-02-13,중구,9
2021-02-13,중랑구,0
2021-02-14,강남구,3
2021-02-14,강동구,0
2021-02-14,강북구,8
2021-02-14,강서구,80
2021-02-14,관악구,1647
2021-02-14,구로구,2023
2021-02-14,금천구,375
2021-02-14,노원구,92
2021-02-14,도봉구,403
2021-02-14,동작구,1094
2021-02-14,마포구,33
2021-02-14,서대문구,6
2021-02-14,서초구,242
2021-02-14,성동구,0
2021-02-14,성북구,0
2021-02-14,송파구,0
2021-02-14,양천구,330
2021-02-14,영등포구,485
2021-02-14,용산구,29
2021-02-14,은평구,462
2021-02-14,종로구,0
2021-02-14,중구,5
2021-02-14,중랑구,0
2021-02-15,강남구,8
2021-02-15,강동구,0
2021-02-15,강북구,3
2021-02-15,강서구,62
2021-02-15,관악구,1056
2021-02-15,구로구,371
2021-02-15,금천구,355
2021-02-15,노원구,44
2021-02-15,도봉구,255
2021-02-15,동작구,667
2021-02-15,마포구,28
2021-02-15,서대문구,11
2021-02-15,서초구,184
2021-02-15,성동구,0
2021-02-15,성북구,0
2021-02-15,송파구,0
2021-02-15,양천구,129
2021-02-15,영등포구,374
2021-02-15,용산구,31
2021-02-15,은평구,380
2021-02-15,종로구,0
2021-02-15,중구,7
2021-02-15,중랑구,0
2021-02-16,강남구,18
2021-02-16,강동구,0
2021-02-16,강북구,3
2021-02-16,강서구,49
2021-02-16,관악구,947
2021-02-16,구로구,1426
2021-02-16,금천구,332
2021-02-16,노원구,52
2021-02-16,도봉구,280
2021-02-16,동작구,775
2021-02-16,마포구,33
2021-02-16,서대문구,16
2021-02-16,서초구,190
2021-02-16,성동구,0
2021-02-16,성북구,0
2021-02-16,송파구,0
2021-02-16,양천구,204
2021-02-16,영등포구,409
2021-02-16,용산구,82
2021-02-16,은평구,372
2021-02-16,종로구,0
2021-02-16,중구,20
2021-02-16,중랑구,0
2021-02-17,강남구,8
2021-02-17,강동구,0
2021-02-17,강북구,4
2021-02-17,강서구,72
2021-02-17,관악구,1208
2021-02-17,구로구,1677
2021-02-17,금천구,363
2021-02-17,노원구,70
2021-02-17,도봉구,292
2021-02-17,동작구,929
2021-02-17,마포구,11
2021-02-17,서대문구,12
2021-02-17,서초구,237
2021-02-17,성동구,0
2021-02-17,성북구,1
2021-02-17,송파구,0
2021-02-17,양천구,249
2021-02-17,영등포구,428
2021-02-17,용산구,12
2021-02-17,은평구,460
2021-02-17,종로구,0
2021-02-17,중구,9
2021-02-17,중랑구,0
2021-02-18,강남구,6
2021-02-18,강동구,0
2021-02-18,강북구,1
2021-02-18,강서구,73
2021-02-18,관악구,1092
2021-02-18,구로구,1556
2021-02-18,금천구,344
2021-02-18,노원구,47
2021-02-18,도봉구,308
2021-02-18,동작구,775
2021-02-18,마포구,6
2021-02-18,서대문구,12
2021-02-18,서초구,197
2021-02-18,성동구,0
2021-02-18,성북구,0
2021-02-18,송파구,0
2021-02-18,양천구,292
2021-02-18,영등포구,427
2021-02-18,용산구,2
2021-02-18,은평구,485
2021-02-18,종로구,0
2021-02-18,중구,1
2021-02-18,중랑구,0
2021-02-19,강남구,11
2021-02-19,강동구,0
2021-02-19,강북구,4
2021-02-19,강서구,80
2021-02-19,관악구,1389
2021-02-19,구로구,1897
2021-02-19,금천구,417
2021-02-19,노원구,83
2021-02-19,도봉구,377
2021-02-19,동작구,1036
2021-02-19,마포구,2
2021-02-19,서대문구,5
2021-02-19,서초구,248
2021-02-19,성동구,0
2021-02-19,성북구,0
2021-02-19,송파구,0
2021-02-19,양천구,293
2021-02-19,영등포구,508
2021-02-19,용산구,0
2021-02-19,은평구,439
2021-02-19,종로구,0
2021-02-19,중구,1
2021-02-19,중랑구,0
2021-02-20,강남구,13
2021-02-20,강동구,0
2021-02-20,강북구,11
2021-02-20,강서구,101
2021-02-20,관악구,1675
2021-02-20,구로구,2030
2021-02-20,금천구,417
2021-02-20,노원구,81
2021-02-20,도봉구,430
2021-02-20,동작구,1156
2021-02-20,마포구,4
2021-02-20,서대문구,7
2021-02-20,서초구,252
2021-02-20,성동구,0
2021-02-20,성북구,0
2021-02-20,송파구,0
2021-02-20,양천구,342
2021-02-20,영등포구,530
2021-02-20,용산구,0
2021-02-20,은평구,513
2021-02-20,종로구,0
2021-02-20,중구,0
2021-02-20,중랑구,0
2021-02-21,강남구,7
2021-02-21,강동구,0
2021-02-21,강북구,9
2021-02-21,강서구,116
2021-02-21,관악구,1498
2021-02-21,구로구,1971
2021-02-21,금천구,353
2021-02-21,노원구,73
2021-02-21,도봉구,362
2021-02-21,동작구,1030
2021-02-21,마포구,1
2021-02-21,서대문구,7
2021-02-21,서초구,225
2021-02-21,성동구,0
2021-02-21,성북구,0
2021-02-21,송파구,0
2021-02-21,양천구,316
2021-02-21,영등포구,471
2021-02-21,용산구,0
2021-02-21,은평구,428
2021-02-21,종로구,0
2021-02-21,중구,0
2021-02-21,중랑구,0
2021-02-22,강남구,13
2021-02-22,강동구,0
2021-02-22,강북구,1
2021-02-22,강서구,57
2021-02-22,관악구,1032
2021-02-22,구로구,1425
2021-02-22,금천구,307
2021-02-22,노원구,52
2021-02-22,도봉구,252
2021-02-22,동작구,778
2021-02-22,마포구,2
2021-02-22,서대문구,9
2021-02-22,서초구,229
2021-02-22,성동구,0
2021-02-22,성북구,0
2021-02-22,송파구,0
2021-02-22,양천구,186
2021-02-22,영등포구,414
2021-02-22,용산구,0
2021-02-22,은평구,328
2021-02-22,종로구,0
2021-02-22,중구,0
2021-02-22,중랑구,0
2021-02-23,강남구,5
2021-02-23,강동구,0
2021-02-23,강북구,6
2021-02-23,강서구,86
2021-02-23,관악구,954
2021-02-23,구로구,1399
2021-02-23,금천구,334
2021-02-23,노원구,62
2021-02-23,도봉구,286
2021-02-23,동작구,834
2021-02-23,마포구,2
2021-02-23,서대문구,10
2021-02-23,서초구,240
2021-02-23,성동구,0
2021-02-23,성북구,0
2021-02-23,송파구,0
2021-02-23,양천구,224
2021-02-23,영등포구,421
2021-02-23,용산구,0
2021-02-23,은평구,384
2021-02-23,종로구,0
2021-02-23,중구,0
2021-02-23,중랑구,0
2021-02-24,강남구,10
2021-02-24,강동구,0
2021-02-24,강북구,3
2021-02-24,강서구,70
2021-02-24,관악구,1170
2021-02-24,구로구,1552
2021-02-24,금천구,319
2021-02-24,노원구,42
2021-02-24,도봉구,241
2021-02-24,동작구,849
2021-02-24,마포구,2
2021-02-24,서대문구,11
2021-02-24,서초구,199
2021-02-24,성동구,0
2021-02-24,성북구,0
2021-02-24,송파구,0
2021-02-24,양천구,202
2021-02-24,영등포구,436
2021-02-24,용산구,0
2021-02-24,은평구,416
2021-02-24,종로구,0
2021-02-24,중구,0
2021-02-24,중랑구,0
2021-02-25,강남구,6
2021-02-25,강동구,0
2021-02-25,강북구,2
2021-02-25,강서구,64
2021-02-25,관악구,1279
2021-02-25,구로구,1617
2021-02-25,금천구,334
2021-02-25,노원구,56
2021-02-25,도봉구,309
2021-02-25,동작구,793
2021-02-25,마포구,3
2021-02-25,서대문구,16
2021-02-25,서초구,202
2021-02-25,성동구,0
2021-02-25,성북구,0
2021-02-25,송파구,0
2021-02-25,양천구,261
2021-02-25,영등포구,377
2021-02-25,용산구,0
2021-02-25,은평구,391
2021-02-25,종로구,0
2021-02-25,중구,0
2021-02-25,중랑구,0
2021-02-26,강남구,8
2021-02-26,강동구,0
2021-02-26,강북구,11
2021-02-26,강서구,89
2021-02-26,관악구,1343
2021-02-26,구로구,1808
2021-02-26,금천구,360
2021-02-26,노원구,71
2021-02-26,도봉구,352
2021-02-26,동작구,851
2021-02-26,마포구,0
2021-02-26,서대문구,4
2021-02-26,서초구,250
2021-02-26,성동구,0
2021-02-26,성북구,0
2021-02-26,송파구,0
2021-02-26,양천구,273
2021-02-26,영등포구,496
2021-02-26,용산구,0
2021-02-26,은평구,429
2021-02-26,종로구,0
2021-02-26,중구,0
2021-02-26,중랑구,0
2021-02-27,강남구,3
2021-02-27,강동구,0
2021-02-27,강북구,4
2021-02-27,강서구,97
2021-02-27,관악구,1562
2021-02-27,구로구,1943
2021-02-27,금천구,423
2021-02-27,노원구,74
2021-02-27,도봉구,368
2021-02-27,동작구,1026
2021-02-27,마포구,1
2021-02-27,서대문구,13
2021-02-27,서초구,257
2021-02-27,성동구,0
2021-02-27,성북구,0
2021-02-27,송파구,0
2021-02-27,양천구,301
2021-02-27,영등포구,554
2021-02-27,용산구,0
2021-02-27,은평구,504
2021-02-27,종로구,0
2021-02-27,중구,0
2021-02-27,중랑구,0
2021-02-28,강남구,8
2021-02-28,강동구,0
2021-02-28,강북구,8
2021-02-28,강서구,107
2021-02-28,관악구,1642
2021-02-28,구로구,2037
2021-02-28,금천구,453
2021-02-28,노원구,109
2021-02-28,도봉구,358
2021-02-28,동작구,1169
2021-02-28,마포구,4
2021-02-28,서대문구,8
2021-02-28,서초구,236
2021-02-28,성동구,0
2021-02-28,성북구,0
2021-02-28,송파구,0
2021-02-28,양천구,319
2021-02-28,영등포구,513
2021-02-28,용산구,1
2021-02-28,은평구,454
2021-02-28,종로구,0
2021-02-28,중구,0
2021-02-28,중랑구,0
2021-03-01,강남구,16
2021-03-01,강동구,0
2021-03-01,강북구,12
2021-03-01,강서구,128
2021-03-01,관악구,1841
2021-03-01,구로구,2459
2021-03-01,금천구,472
2021-03-01,노원구,57
2021-03-01,도봉구,375
2021-03-01,동작구,1325
2021-03-01,마포구,0
2021-03-01,서대문구,15
2021-03-01,서초구,272
2021-03-01,성동구,0
2021-03-01,성북구,0
2021-03-01,송파구,0
2021-03-01,양천구,342
2021-03-01,영등포구,684
2021-03-01,용산구,0
2021-03-01,은평구,531
2021-03-01,종로구,0
2021-03-01,중구,0
2021-03-01,중랑구,0
2021-03-02,강남구,15
2021-03-02,강동구,0
2021-03-02,강북구,3
2021-03-02,강서구,61
2021-03-02,관악구,1008
2021-03-02,구로구,1318
2021-03-02,금천구,278
2021-03-02,노원구,55
2021-03-02,도봉구,289
2021-03-02,동작구,791
2021-03-02,마포구,1
2021-03-02,서대문구,3
2021-03-02,서초구,197
2021-03-02,성동구,0
2021-03-02,성북구,0
2021-03-02,송파구,0
2021-03-02,양천구,195
2021-03-02,영등포구,409
2021-03-02,용산구,0
2021-03-02,은평구,348
2021-03-02,종로구,0
2021-03-02,중구,0
2021-03-02,중랑구,1
2021-03-03,강남구,8
2021-03-03,강동구,0
2021-03-03,강북구,3
2021-03-03,강서구,81
2021-03-03,관악구,1057
2021-03-03,구로구,1299
2021-03-03,금천구,293
2021-03-03,노원구,44
2021-03-03,도봉구,318
2021-03-03,동작구,722
2021-03-03,마포구,1
2021-03-03,서대문구,4
2021-03-03,서초구,197
2021-03-03,성동구,0
2021-03-03,성북구,0
2021-03-03,송파구,0
2021-03-03,양천구,205
2021-03-03,영등포구,399
2021-03-03,용산구,0
2021-03-03,은평구,389
2021-03-03,종로구,0
2021-03-03,중구,0
2021-03-03,중랑구,0
2021-03-04,강남구,13
2021-03-04,강동구,0
2021-03-04,강북구,3
2021-03-04,강서구,66
2021-03-04,관악구,1046
2021-03-04,구로구,1393
2021-03-04,금천구,311
2021-03-04,노원구,66
2021-03-04,도봉구,318
2021-03-04,동작구,730
2021-03-04,마포구,1
2021-03-04,서대문구,4
2021-03-04,서초구,214
2021-03-04,성동구,0
2021-03-04,성북구,0
2021-03-04,송파구,0
2021-03-04,양천구,239
2021-03-04,영등포구,345
2021-03-04,용산구,0
2021-03-04,은평구,332
2021-03-04,종로구,0
2021-03-04,중구,0
2021-03-04,중랑구,0
2021-03-05,강남구,5
2021-03-05,강동구,0
2021-03-05,강북구,6
2021-03-05,강서구,72
2021-03-05,관악구,1296
2021-03-05,구로구,1788
2021-03-05,금천구,395
2021-03-05,노원구,66
2021-03-05,도봉구,365
2021-03-05,동작구,929
2021-03-05,마포구,0
2021-03-05,서대문구,0
2021-03-05,서초구,219
2021-03-05,성동구,0
2021-03-05,성북구,0
2021-03-05,송파구,0
2021-03-05,양천구,287
2021-03-05,영등포구,442
2021-03-05,용산구,0
2021-03-05,은평구,389
2021-03-05,종로구,0
2021-03-05,중구,0
2021-03-05,중랑구,0
2021-03-06,강남구,7
2021-03-06,강동구,0
2021-03-06,강북구,2
2021-03-06,강서구,103
2021-03-06,관악구,1734
2021-03-06,구로구,2134
2021-03-06,금천구,470
2021-03-06,노원구,86
2021-03-06,도봉구,391
2021-03-06,동작구,1087
2021-03-06,마포구,0
2021-03-06,서대문구,5
2021-03-06,서초구,266
2021-03-06,성동구,0
2021-03-06,성북구,1
2021-03-06,송파구,1
2021-03-06,양천구,306
2021-03-06,영등포구,499
2021-03-06,용산구,0
2021-03-06,은평구,477
2021-03-06,종로구,0
2021-03-06,중구,0
2021-03-06,중랑구,0
2021-03-07,강남구,8
2021-03-07,강동구,0
2021-03-07,강북구,9
2021-03-07,강서구,105
2021-03-07,관악구,1732
2021-03-07,구로구,1962
2021-03-07,금천구,411
2021-03-07,노원구,70
2021-03-07,도봉구,354
2021-03-07,동작구,1130
2021-03-07,마포구,1
2021-03-07,서대문구,1
2021-03-07,서초구,253
2021-03-07,성동구,0
2021-03-07,성북구,0
2021-03-07,송파구,0
2021-03-07,양천구,256
2021-03-07,영등포구,503
2021-03-07,용산구,0
2021-03-07,은평구,407
2021-03-07,종로구,0
2021-03-07,중구,1
2021-03-07,중랑구,0
2021-03-08,강남구,12
2021-03-08,강동구,0
2021-03-08,강북구,2
2021-03-08,강서구,57
2021-03-08,관악구,1141
2021-03-08,구로구,1230
2021-03-08,금천구,326
2021-03-08,노원구,45
2021-03-08,도봉구,219
2021-03-08,동작구,723
2021-03-08,마포구,2
2021-03-08,서대문구,10
2021-03-08,서초구,221
2021-03-08,성동구,0
2021-03-08,성북구,0
2021-03-08,송파구,0
2021-03-08,양천구,148
2021-03-08,영등포구,375
2021-03-08,용산구,0
2021-03-08,은평구,350
2021-03-08,종로구,0
2021-03-08,중구,0
2021-03-08,중랑구,0
2021-03-09,강남구,12
2021-03-09,강동구,0
2021-03-09,강북구,1
2021-03-09,강서구,46
2021-03-09,관악구,1152
2021-03-09,구로구,1391
2021-03-09,금천구,436
2021-03-09,노원구,73
2021-03-09,도봉구,326
2021-03-09,동작구,848
2021-03-09,마포구,3
2021-03-09,서대문구,5
2021-03-09,서초구,222
2021-03-09,성동구,0
2021-03-09,성북구,0
2021-03-09,송파구,0
2021-03-09,양천구,206
2021-03-09,영등포구,426
2021-03-09,용산구,0
2021-03-09,은평구,388
2021-03-09,종로구,0
2021-03-09,중구,0
2021-03-09,중랑구,0
2021-03-10,강남구,6
2021-03-10,강동구,0
2021-03-10,강북구,6
2021-03-10,강서구,54
2021-03-10,관악구,1240
2021-03-10,구로구,1544
2021-03-10,금천구,420
2021-03-10,노원구,64
2021-03-10,도봉구,306
2021-03-10,동작구,852
2021-03-10,마포구,5
2021-03-10,서대문구,14
2021-03-10,서초구,219
2021-03-10,성동구,0
2021-03-10,성북구,0
2021-03-10,송파구,0
2021-03-10,양천구,204
2021-03-10,영등포구,425
2021-03-10,용산구,0
2021-03-10,은평구,371
2021-03-10,종로구,0
2021-03-10,중구,0
2021-03-10,중랑구,0
2021-03-11,강남구,6
2021-03-11,강동구,0
2021-03-11,강북구,6
2021-03-11,강서구,85
2021-03-11,관악구,1182
2021-03-11,구로구,1524
2021-03-11,금천구,388
2021-03-11,노원구,60
2021-03-11,도봉구,348
2021-03-11,동작구,802
2021-03-11,마포구,0
2021-03-11,서대문구,9
2021-03-11,서초구,217
2021-03-11,성동구,0
2021-03-11,성북구,0
2021-03-11,송파구,0
2021-03-11,양천구,218
2021-03-11,영등포구,418
2021-03-11,용산구,0
2021-03-11,은평구,394
2021-03-11,종로구,2
2021-03-11,중구,0
2021-03-11,중랑구,0
2021-03-12,강남구,9
2021-03-12,강동구,0
2021-03-12,강북구,6
2021-03-12,강서구,79
2021-03-12,관악구,1506
2021-03-12,구로구,1844
2021-03-12,금천구,489
2021-03-12,노원구,94
2021-03-12,도봉구,417
2021-03-12,동작구,1010
2021-03-12,마포구,2
2021-03-12,서대문구,10
2021-03-12,서초구,237
2021-03-12,성동구,0
2021-03-12,성북구,0
2021-03-12,송파구,0
2021-03-12,양천구,255
2021-03-12,영등포구,541
2021-03-12,용산구,0
2021-03-12,은평구,486
2021-03-12,종로구,2
2021-03-12,중구,0
2021-03-12,중랑구,0
2021-03-13,강남구,7
2021-03-13,강동구,0
2021-03-13,강북구,9
2021-03-13,강서구,94
2021-03-13,관악구,1769
2021-03-13,구로구,2144
2021-03-13,금천구,574
2021-03-13,노원구,105
2021-03-13,도봉구,418
2021-03-13,동작구,1184
2021-03-13,마포구,5
2021-03-13,서대문구,8
2021-03-13,서초구,301
2021-03-13,성동구,0
2021-03-13,성북구,0
2021-03-13,송파구,0
2021-03-13,양천구,277
2021-03-13,영등포구,453
2021-03-13,용산구,0
2021-03-13,은평구,551
2021-03-13,종로구,0
2021-03-13,중구,0
2021-03-13,중랑구,0
2021-03-14,강남구,5
2021-03-14,강동구,0
2021-03-14,강북구,14
2021-03-14,강서구,96
2021-03-14,관악구,1931
2021-03-14,구로구,2186
2021-03-14,금천구,569
2021-03-14,노원구,85
2021-03-14,도봉구,409
2021-03-14,동작구,1154
2021-03-14,마포구,4
2021-03-14,서대문구,24
2021-03-14,서초구,232
2021-03-14,성동구,0
2021-03-14,성북구,0
2021-03-14,송파구,0
2021-03-14,양천구,300
2021-03-14,영등포구,503
2021-03-14,용산구,1
2021-03-14,은평구,465
2021-03-14,종로구,0
2021-03-14,중구,0
2021-03-14,중랑구,0
2021-03-15,강남구,7
2021-03-15,강동구,0
2021-03-15,강북구,2
2021-03-15,강서구,66
2021-03-15,관악구,1254
2021-03-15,구로구,1314
2021-03-15,금천구,346
2021-03-15,노원구,55
2021-03-15,도봉구,216
2021-03-15,동작구,748
2021-03-15,마포구,0
2021-03-15,서대문구,2
2021-03-15,서초구,201
2021-03-15,성동구,0
2021-03-15,성북구,0
2021-03-15,송파구,0
2021-03-15,양천구,167
2021-03-15,영등포구,324
2021-03-15,용산구,0
2021-03-15,은평구,313
2021-03-15,종로구,0
2021-03-15,중구,0
2021-03-15,중랑구,0
2021-03-16,강남구,0
2021-03-16,강동구,0
2021-03-16,강북구,0
2021-03-16,강서구,33
2021-03-16,관악구,362
2021-03-16,구로구,458
2021-03-16,금천구,294
2021-03-16,노원구,13
2021-03-16,도봉구,118
2021-03-16,동작구,133
2021-03-16,마포구,0
2021-03-16,서대문구,4
2021-03-16,서초구,92
2021-03-16,성동구,0
2021-03-16,성북구,0
2021-03-16,송파구,0
2021-03-16,양천구,131
2021-03-16,영등포구,261
2021-03-16,용산구,0
2021-03-16,은평구,41
2021-03-16,종로구,1
2021-03-16,중구,0
2021-03-16,중랑구,0
2021-03-17,강남구,0
2021-03-17,강동구,0
2021-03-17,강북구,0
2021-03-17,강서구,43
2021-03-17,관악구,340
2021-03-17,구로구,476
2021-03-17,금천구,302
2021-03-17,노원구,18
2021-03-17,도봉구,99
2021-03-17,동작구,131
2021-03-17,마포구,2
2021-03-17,서대문구,5
2021-03-17,서초구,103
2021-03-17,성동구,0
2021-03-17,성북구,0
2021-03-17,송파구,0
2021-03-17,양천구,137
2021-03-17,영등포구,217
2021-03-17,용산구,0
2021-03-17,은평구,42
2021-03-17,종로구,0
2021-03-17,중구,0
2021-03-17,중랑구,0
2021-03-18,강남구,0
2021-03-18,강동구,0
2021-03-18,강북구,0
2021-03-18,강서구,35
2021-03-18,관악구,343
2021-03-18,구로구,553
2021-03-18,금천구,313
2021-03-18,노원구,16
2021-03-18,도봉구,106
2021-03-18,동작구,116
2021-03-18,마포구,0
2021-03-18,서대문구,10
2021-03-18,서초구,91
2021-03-18,성동구,0
2021-03-18,성북구,0
2021-03-18,송파구,0
2021-03-18,양천구,115
2021-03-18,영등포구,215
2021-03-18,용산구,0
2021-03-18,은평구,33
2021-03-18,종로구,0
2021-03-18,중구,0
2021-03-18,중랑구,0
2021-03-19,강남구,0
2021-03-19,강동구,0
2021-03-19,강북구,1
2021-03-19,강서구,37
2021-03-19,관악구,449
2021-03-19,구로구,667
2021-03-19,금천구,412
2021-03-19,노원구,26
2021-03-19,도봉구,167
2021-03-19,동작구,178
2021-03-19,마포구,1
2021-03-19,서대문구,3
2021-03-19,서초구,138
2021-03-19,성동구,1
2021-03-19,성북구,0
2021-03-19,송파구,0
2021-03-19,양천구,145
2021-03-19,영등포구,308
2021-03-19,용산구,0
2021-03-19,은평구,37
2021-03-19,종로구,0
2021-03-19,중구,0
2021-03-19,중랑구,0
2021-03-20,강남구,0
2021-03-20,강동구,0
2021-03-20,강북구,1
2021-03-20,강서구,43
2021-03-20,관악구,668
2021-03-20,구로구,970
2021-03-20,금천구,438
2021-03-20,노원구,28
2021-03-20,도봉구,228
2021-03-20,동작구,237
2021-03-20,마포구,1
2021-03-20,서대문구,10
2021-03-20,서초구,162
2021-03-20,성동구,0
2021-03-20,성북구,0
2021-03-20,송파구,1
2021-03-20,양천구,154
2021-03-20,영등포구,340
2021-03-20,용산구,0
2021-03-20,은평구,29
2021-03-20,종로구,1
2021-03-20,중구,0
2021-03-20,중랑구,0
2021-03-21,강남구,0
2021-03-21,강동구,0
2021-03-21,강북구,0
2021-03-21,강서구,48
2021-03-21,관악구,629
2021-03-21,구로구,782
2021-03-21,금천구,380
2021-03-21,노원구,29
2021-03-21,도봉구,165
2021-03-21,동작구,214
2021-03-21,마포구,2
2021-03-21,서대문구,14
2021-03-21,서초구,130
2021-03-21,성동구,0
2021-03-21,성북구,0
2021-03-21,송파구,0
2021-03-21,양천구,161
2021-03-21,영등포구,335
2021-03-21,용산구,0
2021-03-21,은평구,27
2021-03-21,종로구,0
2021-03-21,중구,0
2021-03-21,중랑구,0
2021-03-22,강남구,0
2021-03-22,강동구,0
2021-03-22,강북구,0
2021-03-22,강서구,36
2021-03-22,관악구,303
2021-03-22,구로구,436
2021-03-22,금천구,340
2021-03-22,노원구,13
2021-03-22,도봉구,90
2021-03-22,동작구,123
2021-03-22,마포구,0
2021-03-22,서대문구,5
2021-03-22,서초구,91
2021-03-22,성동구,0
2021-03-22,성북구,0
2021-03-22,송파구,0
2021-03-22,양천구,90
2021-03-22,영등포구,248
2021-03-22,용산구,0
2021-03-22,은평구,24
2021-03-22,종로구,1
2021-03-22,중구,0
2021-03-22,중랑구,0
2021-03-23,강남구,0
2021-03-23,강동구,0
2021-03-23,강북구,0
2021-03-23,강서구,17
2021-03-23,관악구,314
2021-03-23,구로구,478
2021-03-23,금천구,329
2021-03-23,노원구,20
2021-03-23,도봉구,110
2021-03-23,동작구,126
2021-03-23,마포구,0
2021-03-23,서대문구,6
2021-03-23,서초구,71
2021-03-23,성동구,0
2021-03-23,성북구,0
2021-03-23,송파구,0
2021-03-23,양천구,128
2021-03-23,영등포구,284
2021-03-23,용산구,0
2021-03-23,은평구,46
2021-03-23,종로구,0
2021-03-23,중구,0
2021-03-23,중랑구,1
2021-03-24,강남구,0
2021-03-24,강동구,0
2021-03-24,강북구,0
2021-03-24,강서구,23
2021-03-24,관악구,379
2021-03-24,구로구,495
2021-03-24,금천구,326
2021-03-24,노원구,26
2021-03-24,도봉구,134
2021-03-24,동작구,151
2021-03-24,마포구,2
2021-03-24,서대문구,8
2021-03-24,서초구,54
2021-03-24,성동구,0
2021-03-24,성북구,0
2021-03-24,송파구,0
2021-03-24,양천구,112
2021-03-24,영등포구,286
2021-03-24,용산구,0
2021-03-24,은평구,45
2021-03-24,종로구,0
2021-03-24,중구,0
2021-03-24,중랑구,0
2021-03-25,강남구,0
2021-03-25,강동구,0
2021-03-25,강북구,2
2021-03-25,강서구,36
2021-03-25,관악구,456
2021-03-25,구로구,557
2021-03-25,금천구,310
2021-03-25,노원구,22
2021-03-25,도봉구,188
2021-03-25,동작구,154
2021-03-25,마포구,1
2021-03-25,서대문구,2
2021-03-25,서초구,60
2021-03-25,성동구,0
2021-03-25,성북구,0
2021-03-25,송파구,0
2021-03-25,양천구,133
2021-03-25,영등포구,280
2021-03-25,용산구,0
2021-03-25,은평구,12
2021-03-25,종로구,0
2021-03-25,중구,0
2021-03-25,중랑구,0
2021-03-26,강남구,2
2021-03-26,강동구,0
2021-03-26,강북구,1
2021-03-26,강서구,29
2021-03-26,관악구,480
2021-03-26,구로구,660
2021-03-26,금천구,377
2021-03-26,노원구,34
2021-03-26,도봉구,180
2021-03-26,동작구,173
2021-03-26,마포구,1
2021-03-26,서대문구,2
2021-03-26,서초구,67
2021-03-26,성동구,0
2021-03-26,성북구,0
2021-03-26,송파구,0
2021-03-26,양천구,139
2021-03-26,영등포구,357
2021-03-26,용산구,0
2021-03-26,은평구,36
2021-03-26,종로구,0
2021-03-26,중구,0
2021-03-26,중랑구,0
2021-04-01,강남구,0
2021-04-01,강동구,0
2021-04-01,강북구,1
2021-04-01,강서구,5
2021-04-01,관악구,324
2021-04-01,구로구,532
2021-04-01,금천구,297
2021-04-01,노원구,9
2021-04-01,도봉구,95
2021-04-01,동작구,91
2021-04-01,마포구,1
2021-04-01,서대문구,3
2021-04-01,서초구,44
2021-04-01,성동구,0
2021-04-01,성북구,0
2021-04-01,송파구,0
2021-04-01,양천구,78
2021-04-01,영등포구,216
2021-04-01,용산구,0
2021-04-01,은평구,34
2021-04-01,종로구,0
2021-04-01,중구,0
2021-04-01,중랑구,0
2021-04-02,강남구,0
2021-04-02,강동구,0
2021-04-02,강북구,0
2021-04-02,강서구,7
2021-04-02,관악구,432
2021-04-02,구로구,618
2021-04-02,금천구,388
2021-04-02,노원구,9
2021-04-02,도봉구,125
2021-04-02,동작구,126
2021-04-02,마포구,1
2021-04-02,서대문구,2
2021-04-02,서초구,48
2021-04-02,성동구,0
2021-04-02,성북구,0
2021-04-02,송파구,0
2021-04-02,양천구,91
2021-04-02,영등포구,279
2021-04-02,용산구,0
2021-04-02,은평구,4
2021-04-02,종로구,1
2021-04-02,중구,0
2021-04-02,중랑구,0
2021-04-03,강남구,0
2021-04-03,강동구,0
2021-04-03,강북구,0
2021-04-03,강서구,12
2021-04-03,관악구,605
2021-04-03,구로구,821
2021-04-03,금천구,578
2021-04-03,노원구,27
2021-04-03,도봉구,231
2021-04-03,동작구,199
2021-04-03,마포구,0
2021-04-03,서대문구,9
2021-04-03,서초구,83
2021-04-03,성동구,0
2021-04-03,성북구,0
2021-04-03,송파구,0
2021-04-03,양천구,111
2021-04-03,영등포구,380
2021-04-03,용산구,0
2021-04-03,은평구,28
2021-04-03,종로구,0
2021-04-03,중구,0
2021-04-03,중랑구,0
2021-04-04,강남구,0
2021-04-04,강동구,0
2021-04-04,강북구,0
2021-04-04,강서구,7
2021-04-04,관악구,557
2021-04-04,구로구,613
2021-04-04,금천구,370
2021-04-04,노원구,15
2021-04-04,도봉구,147
2021-04-04,동작구,154
2021-04-04,마포구,1
2021-04-04,서대문구,10
2021-04-04,서초구,76
2021-04-04,성동구,0
2021-04-04,성북구,0
2021-04-04,송파구,0
2021-04-04,양천구,83
2021-04-04,영등포구,313
2021-04-04,용산구,0
2021-04-04,은평구,15
2021-04-04,종로구,0
2021-04-04,중구,0
2021-04-04,중랑구,0
2021-04-05,강남구,0
2021-04-05,강동구,0
2021-04-05,강북구,2
2021-04-05,강서구,32
2021-04-05,관악구,368
2021-04-05,구로구,479
2021-04-05,금천구,296
2021-04-05,노원구,14
2021-04-05,도봉구,83
2021-04-05,동작구,148
2021-04-05,마포구,2
2021-04-05,서대문구,4
2021-04-05,서초구,48
2021-04-05,성동구,0
2021-04-05,성북구,0
2021-04-05,송파구,0
2021-04-05,양천구,101
2021-04-05,영등포구,301
2021-04-05,용산구,0
2021-04-05,은평구,23
2021-04-05,종로구,0
2021-04-05,중구,0
2021-04-05,중랑구,0
2021-04-06,강남구,0
2021-04-06,강동구,0
2021-04-06,강북구,5
2021-04-06,강서구,19
2021-04-06,관악구,336
2021-04-06,구로구,444
2021-04-06,금천구,307
2021-04-06,노원구,21
2021-04-06,도봉구,125
2021-04-06,동작구,128
2021-04-06,마포구,0
2021-04-06,서대문구,6
2021-04-06,서초구,76
2021-04-06,성동구,0
2021-04-06,성북구,0
2021-04-06,송파구,0
2021-04-06,양천구,136
2021-04-06,영등포구,272
2021-04-06,용산구,0
2021-04-06,은평구,32
2021-04-06,종로구,0
2021-04-06,중구,0
2021-04-06,중랑구,0
2021-04-07,강남구,0
2021-04-07,강동구,0
2021-04-07,강북구,0
2021-04-07,강서구,29
2021-04-07,관악구,468
2021-04-07,구로구,535
2021-04-07,금천구,353
2021-04-07,노원구,21
2021-04-07,도봉구,164
2021-04-07,동작구,144
2021-04-07,마포구,0
2021-04-07,서대문구,2
2021-04-07,서초구,74
2021-04-07,성동구,0
2021-04-07,성북구,0
2021-04-07,송파구,0
2021-04-07,양천구,161
2021-04-07,영등포구,272
2021-04-07,용산구,0
2021-04-07,은평구,32
2021-04-07,종로구,0
2021-04-07,중구,0
2021-04-07,중랑구,0
2021-04-08,강남구,0
2021-04-08,강동구,0
2021-04-08,강북구,0
2021-04-08,강서구,21
2021-04-08,관악구,373
2021-04-08,구로구,533
2021-04-08,금천구,311
2021-04-08,노원구,16
2021-04-08,도봉구,106
2021-04-08,동작구,109
2021-04-08,마포구,0
2021-04-08,서대문구,9
2021-04-08,서초구,57
2021-04-08,성동구,0
2021-04-08,성북구,0
2021-04-08,송파구,0
2021-04-08,양천구,110
2021-04-08,영등포구,297
2021-04-08,용산구,0
2021-04-08,은평구,37
2021-04-08,종로구,0
2021-04-08,중구,0
2021-04-08,중랑구,0
2021-04-09,강남구,0
2021-04-09,강동구,0
2021-04-09,강북구,1
2021-04-09,강서구,35
2021-04-09,관악구,516
2021-04-09,구로구,716
2021-04-09,금천구,409
2021-04-09,노원구,27
2021-04-09,도봉구,171
2021-04-09,동작구,175
2021-04-09,마포구,3
2021-04-09,서대문구,5
2021-04-09,서초구,86
2021-04-09,성동구,0
2021-04-09,성북구,0
2021-04-09,송파구,0
2021-04-09,양천구,157
2021-04-09,영등포구,346
2021-04-09,용산구,0
2021-04-09,은평구,17
2021-04-09,종로구,0
2021-04-09,중구,0
2021-04-09,중랑구,0
2021-04-10,강남구,0
2021-04-10,강동구,0
2021-04-10,강북구,2
2021-04-10,강서구,44
2021-04-10,관악구,534
2021-04-10,구로구,843
2021-04-10,금천구,485
2021-04-10,노원구,40
2021-04-10,도봉구,201
2021-04-10,동작구,192
2021-04-10,마포구,4
2021-04-10,서대문구,8
2021-04-10,서초구,73
2021-04-10,성동구,0
2021-04-10,성북구,0
2021-04-10,송파구,0
2021-04-10,양천구,163
2021-04-10,영등포구,387
2021-04-10,용산구,0
2021-04-10,은평구,17
2021-04-10,종로구,1
2021-04-10,중구,0
2021-04-10,중랑구,0
2021-04-11,강남구,0
2021-04-11,강동구,0
2021-04-11,강북구,3
2021-04-11,강서구,45
2021-04-11,관악구,605
2021-04-11,구로구,809
2021-04-11,금천구,423
2021-04-11,노원구,29
2021-04-11,도봉구,164
2021-04-11,동작구,171
2021-04-11,마포구,2
2021-04-11,서대문구,6
2021-04-11,서초구,73
2021-04-11,성동구,0
2021-04-11,성북구,0
2021-04-11,송파구,0
2021-04-11,양천구,159
2021-04-11,영등포구,470
2021-04-11,용산구,0
2021-04-11,은평구,25
2021-04-11,종로구,0
2021-04-11,중구,0
2021-04-11,중랑구,0
2021-04-12,강남구,0
2021-04-12,강동구,0
2021-04-12,강북구,0
2021-04-12,강서구,29
2021-04-12,관악구,459
2021-04-12,구로구,567
2021-04-12,금천구,305
2021-04-12,노원구,13
2021-04-12,도봉구,129
2021-04-12,동작구,128
2021-04-12,마포구,0
2021-04-12,서대문구,12
2021-04-12,서초구,44
2021-04-12,성동구,0
2021-04-12,성북구,0
2021-04-12,송파구,0
2021-04-12,양천구,87
2021-04-12,영등포구,300
2021-04-12,용산구,0
2021-04-12,은평구,22
2021-04-12,종로구,0
2021-04-12,중구,0
2021-04-12,중랑구,0
2021-04-13,강남구,0
2021-04-13,강동구,0
2021-04-13,강북구,1
2021-04-13,강서구,12
2021-04-13,관악구,369
2021-04-13,구로구,480
2021-04-13,금천구,273
2021-04-13,노원구,27
2021-04-13,도봉구,125
2021-04-13,동작구,122
2021-04-13,마포구,2
2021-04-13,서대문구,6
2021-04-13,서초구,61
2021-04-13,성동구,0
2021-04-13,성북구,0
2021-04-13,송파구,0
2021-04-13,양천구,116
2021-04-13,영등포구,242
2021-04-13,용산구,1
2021-04-13,은평구,26
2021-04-13,종로구,0
2021-04-13,중구,0
2021-04-13,중랑구,0
2021-04-14,강남구,0
2021-04-14,강동구,0
2021-04-14,강북구,1
2021-04-14,강서구,22
2021-04-14,관악구,400
2021-04-14,구로구,521
2021-04-14,금천구,288
2021-04-14,노원구,29
2021-04-14,도봉구,129
2021-04-14,동작구,104
2021-04-14,마포구,4
2021-04-14,서대문구,25
2021-04-14,서초구,36
2021-04-14,성동구,0
2021-04-14,성북구,0
2021-04-14,송파구,0
2021-04-14,양천구,117
2021-04-14,영등포구,263
2021-04-14,용산구,0
2021-04-14,은평구,33
2021-04-14,종로구,1
2021-04-14,중구,0
2021-04-14,중랑구,0
2021-04-15,강남구,0
2021-04-15,강동구,0
2021-04-15,강북구,0
2021-04-15,강서구,25
2021-04-15,관악구,442
2021-04-15,구로구,527
2021-04-15,금천구,318
2021-04-15,노원구,23
2021-04-15,도봉구,120
2021-04-15,동작구,113
2021-04-15,마포구,2
2021-04-15,서대문구,23
2021-04-15,서초구,78
2021-04-15,성동구,0
2021-04-15,성북구,0
2021-04-15,송파구,0
2021-04-15,양천구,107
2021-04-15,영등포구,227
2021-04-15,용산구,0
2021-04-15,은평구,38
2021-04-15,종로구,0
2021-04-15,중구,0
2021-04-15,중랑구,0
2021-04-16,강남구,0
2021-04-16,강동구,0
2021-04-16,강북구,2
2021-04-16,강서구,23
2021-04-16,관악구,449
2021-04-16,구로구,671
2021-04-16,금천구,394
2021-04-16,노원구,34
2021-04-16,도봉구,162
2021-04-16,동작구,125
2021-04-16,마포구,3
2021-04-16,서대문구,13
2021-04-16,서초구,47
2021-04-16,성동구,0
2021-04-16,성북구,0
2021-04-16,송파구,0
2021-04-16,양천구,145
2021-04-16,영등포구,315
2021-04-16,용산구,0
2021-04-16,은평구,26
2021-04-16,종로구,0
2021-04-16,중구,0
2021-04-16,중랑구,0
2021-04-17,강남구,0
2021-04-17,강동구,0
2021-04-17,강북구,4
2021-04-17,강서구,27
2021-04-17,관악구,510
2021-04-17,구로구,874
2021-04-17,금천구,490
2021-04-17,노원구,50
2021-04-17,도봉구,234
2021-04-17,동작구,157
2021-04-17,마포구,7
2021-04-17,서대문구,7
2021-04-17,서초구,71
2021-04-17,성동구,0
2021-04-17,성북구,0
2021-04-17,송파구,0
2021-04-17,양천구,138
2021-04-17,영등포구,319
2021-04-17,용산구,0
2021-04-17,은평구,21
2021-04-17,종로구,0
2021-04-17,중구,0
2021-04-17,중랑구,0
2021-04-18,강남구,0
2021-04-18,강동구,0
2021-04-18,강북구,4
2021-04-18,강서구,27
2021-04-18,관악구,542
2021-04-18,구로구,835
2021-04-18,금천구,399
2021-04-18,노원구,27
2021-04-18,도봉구,181
2021-04-18,동작구,136
2021-04-18,마포구,3
2021-04-18,서대문구,13
2021-04-18,서초구,78
2021-04-18,성동구,0
2021-04-18,성북구,0
2021-04-18,송파구,0
2021-04-18,양천구,166
2021-04-18,영등포구,377
2021-04-18,용산구,0
2021-04-18,은평구,19
2021-04-18,종로구,0
2021-04-18,중구,0
2021-04-18,중랑구,0
2021-04-19,강남구,0
2021-04-19,강동구,0
2021-04-19,강북구,2
2021-04-19,강서구,11
2021-04-19,관악구,356
2021-04-19,구로구,463
2021-04-19,금천구,278
2021-04-19,노원구,41
2021-04-19,도봉구,133
2021-04-19,동작구,109
2021-04-19,마포구,0
2021-04-19,서대문구,3
2021-04-19,서초구,54
2021-04-19,성동구,0
2021-04-19,성북구,0
2021-04-19,송파구,0
2021-04-19,양천구,101
2021-04-19,영등포구,247
2021-04-19,용산구,0
2021-04-19,은평구,31
2021-04-19,종로구,0
2021-04-19,중구,0
2021-04-19,중랑구,0
2021-04-20,강남구,0
2021-04-20,강동구,0
2021-04-20,강북구,3
2021-04-20,강서구,17
2021-04-20,관악구,315
2021-04-20,구로구,437
2021-04-20,금천구,367
2021-04-20,노원구,45
2021-04-20,도봉구,177
2021-04-20,동작구,108
2021-04-20,마포구,1
2021-04-20,서대문구,1
2021-04-20,서초구,62
2021-04-20,성동구,0
2021-04-20,성북구,0
2021-04-20,송파구,0
2021-04-20,양천구,110
2021-04-20,영등포구,232
2021-04-20,용산구,0
2021-04-20,은평구,28
2021-04-20,종로구,0
2021-04-20,중구,0
2021-04-20,중랑구,0
2021-04-21,강남구,0
2021-04-21,강동구,0
2021-04-21,강북구,3
2021-04-21,강서구,16
2021-04-21,관악구,390
2021-04-21,구로구,515
2021-04-21,금천구,355
2021-04-21,노원구,54
2021-04-21,도봉구,184
2021-04-21,동작구,108
2021-04-21,마포구,0
2021-04-21,서대문구,7
2021-04-21,서초구,52
2021-04-21,성동구,0
2021-04-21,성북구,0
2021-04-21,송파구,0
2021-04-21,양천구,122
2021-04-21,영등포구,186
2021-04-21,용산구,0
2021-04-21,은평구,50
2021-04-21,종로구,0
2021-04-21,중구,0
2021-04-21,중랑구,0
2021-04-22,강남구,0
2021-04-22,강동구,0
2021-04-22,강북구,0
2021-04-22,강서구,16
2021-04-22,관악구,386
2021-04-22,구로구,524
2021-04-22,금천구,383
2021-04-22,노원구,18
2021-04-22,도봉구,98
2021-04-22,동작구,132
2021-04-22,마포구,3
2021-04-22,서대문구,5
2021-04-22,서초구,70
2021-04-22,성동구,0
2021-04-22,성북구,0
2021-04-22,송파구,0
2021-04-22,양천구,137
2021-04-22,영등포구,247
2021-04-22,용산구,0
2021-04-22,은평구,24
2021-04-22,종로구,1
2021-04-22,중구,0
2021-04-22,중랑구,0
2021-04-23,강남구,0
2021-04-23,강동구,0
2021-04-23,강북구,1
2021-04-23,강서구,13
2021-04-23,관악구,474
2021-04-23,구로구,684
2021-04-23,금천구,492
2021-04-23,노원구,50
2021-04-23,도봉구,210
2021-04-23,동작구,140
2021-04-23,마포구,2
2021-04-23,서대문구,7
2021-04-23,서초구,54
2021-04-23,성동구,0
2021-04-23,성북구,0
2021-04-23,송파구,0
2021-04-23,양천구,126
2021-04-23,영등포구,308
2021-04-23,용산구,0
2021-04-23,은평구,7
2021-04-23,종로구,0
2021-04-23,중구,0
2021-04-23,중랑구,0
2021-04-24,강남구,0
2021-04-24,강동구,0
2021-04-24,강북구,4
2021-04-24,강서구,25
2021-04-24,관악구,579
2021-04-24,구로구,902
2021-04-24,금천구,525
2021-04-24,노원구,29
2021-04-24,도봉구,182
2021-04-24,동작구,185
2021-04-24,마포구,3
2021-04-24,서대문구,5
2021-04-24,서초구,66
2021-04-24,성동구,0
2021-04-24,성북구,0
2021-04-24,송파구,0
2021-04-24,양천구,187
2021-04-24,영등포구,332
2021-04-24,용산구,0
2021-04-24,은평구,47
2021-04-24,종로구,0
2021-04-24,중구,0
2021-04-24,중랑구,0
2021-04-25,강남구,0
2021-04-25,강동구,0
2021-04-25,강북구,4
2021-04-25,강서구,35
2021-04-25,관악구,628
2021-04-25,구로구,827
2021-04-25,금천구,488
2021-04-25,노원구,35
2021-04-25,도봉구,165
2021-04-25,동작구,174
2021-04-25,마포구,1
2021-04-25,서대문구,6
2021-04-25,서초구,68
2021-04-25,성동구,0
2021-04-25,성북구,0
2021-04-25,송파구,0
2021-04-25,양천구,174
2021-04-25,영등포구,375
2021-04-25,용산구,0
2021-04-25,은평구,27
2021-04-25,종로구,0
2021-04-25,중구,0
2021-04-25,중랑구,1
2021-04-26,강남구,1
2021-04-26,강동구,0
2021-04-26,강북구,4
2021-04-26,강서구,43
2021-04-26,관악구,346
2021-04-26,구로구,514
2021-04-26,금천구,357
2021-04-26,노원구,6
2021-04-26,도봉구,47
2021-04-26,동작구,121
2021-04-26,마포구,3
2021-04-26,서대문구,5
2021-04-26,서초구,52
2021-04-26,성동구,0
2021-04-26,성북구,0
2021-04-26,송파구,0
2021-04-26,양천구,97
2021-04-26,영등포구,203
2021-04-26,용산구,0
2021-04-26,은평구,17
2021-04-26,종로구,0
2021-04-26,중구,0
2021-04-26,중랑구,0
2021-04-27,강남구,0
2021-04-27,강동구,0
2021-04-27,강북구,0
2021-04-27,강서구,47
2021-04-27,관악구,398
2021-04-27,구로구,522
2021-04-27,금천구,403
2021-04-27,노원구,27
2021-04-27,도봉구,113
2021-04-27,동작구,114
2021-04-27,마포구,1
2021-04-27,서대문구,6
2021-04-27,서초구,69
2021-04-27,성동구,0
2021-04-27,성북구,0
2021-04-27,송파구,0
2021-04-27,양천구,103
2021-04-27,영등포구,219
2021-04-27,용산구,0
2021-04-27,은평구,36
2021-04-27,종로구,0
2021-04-27,중구,0
2021-04-27,중랑구,0
2021-04-28,강남구,0
2021-04-28,강동구,0
2021-04-28,강북구,0
2021-04-28,강서구,34
2021-04-28,관악구,393
2021-04-28,구로구,586
2021-04-28,금천구,381
2021-04-28,노원구,19
2021-04-28,도봉구,104
2021-04-28,동작구,117
2021-04-28,마포구,1
2021-04-28,서대문구,4
2021-04-28,서초구,64
2021-04-28,성동구,0
2021-04-28,성북구,0
2021-04-28,송파구,0
2021-04-28,양천구,131
2021-04-28,영등포구,181
2021-04-28,용산구,0
2021-04-28,은평구,53
2021-04-28,종로구,0
2021-04-28,중구,0
2021-04-28,중랑구,0
2021-04-29,강남구,0
2021-04-29,강동구,0
2021-04-29,강북구,2
2021-04-29,강서구,45
2021-04-29,관악구,386
2021-04-29,구로구,604
2021-04-29,금천구,421
2021-04-29,노원구,20
2021-04-29,도봉구,91
2021-04-29,동작구,122
2021-04-29,마포구,1
2021-04-29,서대문구,7
2021-04-29,서초구,71
2021-04-29,성동구,0
2021-04-29,성북구,0
2021-04-29,송파구,0
2021-04-29,양천구,118
2021-04-29,영등포구,187
2021-04-29,용산구,0
2021-04-29,은평구,45
2021-04-29,종로구,0
2021-04-29,중구,0
2021-04-29,중랑구,0
2021-04-30,강남구,0
2021-04-30,강동구,0
2021-04-30,강북구,1
2021-04-30,강서구,57
2021-04-30,관악구,473
2021-04-30,구로구,649
2021-04-30,금천구,525
2021-04-30,노원구,29
2021-04-30,도봉구,169
2021-04-30,동작구,143
2021-04-30,마포구,4
2021-04-30,서대문구,4
2021-04-30,서초구,69
2021-04-30,성동구,0
2021-04-30,성북구,0
2021-04-30,송파구,0
2021-04-30,양천구,115
2021-04-30,영등포구,255
2021-04-30,용산구,0
2021-04-30,은평구,24
2021-04-30,종로구,0
2021-04-30,중구,0
2021-04-30,중랑구,0
2021-05-01,강남구,0
2021-05-01,강동구,0
2021-05-01,강북구,2
2021-05-01,강서구,74
2021-05-01,관악구,562
2021-05-01,구로구,958
2021-05-01,금천구,561
2021-05-01,노원구,28
2021-05-01,도봉구,177
2021-05-01,동작구,185
2021-05-01,마포구,4
2021-05-01,서대문구,7
2021-05-01,서초구,81
2021-05-01,성동구,0
2021-05-01,성북구,0
2021-05-01,송파구,0
2021-05-01,양천구,135
2021-05-01,영등포구,304
2021-05-01,용산구,0
2021-05-01,은평구,24
2021-05-01,종로구,1
2021-05-01,중구,0
2021-05-01,중랑구,0
2021-05-02,강남구,0
2021-05-02,강동구,0
2021-05-02,강북구,0
2021-05-02,강서구,27
2021-05-02,관악구,530
2021-05-02,구로구,701
2021-05-02,금천구,405
2021-05-02,노원구,13
2021-05-02,도봉구,141
2021-05-02,동작구,151
2021-05-02,마포구,1
2021-05-02,서대문구,7
2021-05-02,서초구,61
2021-05-02,성동구,0
2021-05-02,성북구,0
2021-05-02,송파구,0
2021-05-02,양천구,103
2021-05-02,영등포구,276
2021-05-02,용산구,0
2021-05-02,은평구,16
2021-05-02,종로구,0
2021-05-02,중구,0
2021-05-02,중랑구,0
2021-05-03,강남구,0
2021-05-03,강동구,0
2021-05-03,강북구,0
2021-05-03,강서구,35
2021-05-03,관악구,291
2021-05-03,구로구,476
2021-05-03,금천구,356
2021-05-03,노원구,14
2021-05-03,도봉구,80
2021-05-03,동작구,106
2021-05-03,마포구,4
2021-05-03,서대문구,3
2021-05-03,서초구,61
2021-05-03,성동구,0
2021-05-03,성북구,0
2021-05-03,송파구,0
2021-05-03,양천구,63
2021-05-03,영등포구,195
2021-05-03,용산구,0
2021-05-03,은평구,14
2021-05-03,종로구,0
2021-05-03,중구,0
2021-05-03,중랑구,0
2021-05-04,강남구,0
2021-05-04,강동구,0
2021-05-04,강북구,0
2021-05-04,강서구,46
2021-05-04,관악구,428
2021-05-04,구로구,656
2021-05-04,금천구,500
2021-05-04,노원구,22
2021-05-04,도봉구,168
2021-05-04,동작구,133
2021-05-04,마포구,1
2021-05-04,서대문구,8
2021-05-04,서초구,70
2021-05-04,성동구,0
2021-05-04,성북구,0
2021-05-04,송파구,0
2021-05-04,양천구,81
2021-05-04,영등포구,260
2021-05-04,용산구,0
2021-05-04,은평구,55
2021-05-04,종로구,1
2021-05-04,중구,0
2021-05-04,중랑구,0
2021-05-05,강남구,0
2021-05-05,강동구,1
2021-05-05,강북구,0
2021-05-05,강서구,40
2021-05-05,관악구,616
2021-05-05,구로구,888
2021-05-05,금천구,533
2021-05-05,노원구,26
2021-05-05,도봉구,163
2021-05-05,동작구,188
2021-05-05,마포구,1
2021-05-05,서대문구,6
2021-05-05,서초구,59
2021-05-05,성동구,0
2021-05-05,성북구,0
2021-05-05,송파구,0
2021-05-05,양천구,103
2021-05-05,영등포구,293
2021-05-05,용산구,0
2021-05-05,은평구,43
2021-05-05,종로구,0
2021-05-05,중구,0
2021-05-05,중랑구,0
2021-05-06,강남구,0
2021-05-06,강동구,0
2021-05-06,강북구,0
2021-05-06,강서구,30
2021-05-06,관악구,324
2021-05-06,구로구,485
2021-05-06,금천구,290
2021-05-06,노원구,10
2021-05-06,도봉구,69
2021-05-06,동작구,88
2021-05-06,마포구,1
2021-05-06,서대문구,4
2021-05-06,서초구,62
2021-05-06,성동구,0
2021-05-06,성북구,0
2021-05-06,송파구,0
2021-05-06,양천구,59
2021-05-06,영등포구,160
2021-05-06,용산구,0
2021-05-06,은평구,49
2021-05-06,종로구,0
2021-05-06,중구,0
2021-05-06,중랑구,0
2021-05-07,강남구,0
2021-05-07,강동구,0
2021-05-07,강북구,0
2021-05-07,강서구,38
2021-05-07,관악구,418
2021-05-07,구로구,653
2021-05-07,금천구,392
2021-05-07,노원구,22
2021-05-07,도봉구,134
2021-05-07,동작구,113
2021-05-07,마포구,0
2021-05-07,서대문구,7
2021-05-07,서초구,63
2021-05-07,성동구,0
2021-05-07,성북구,0
2021-05-07,송파구,0
2021-05-07,양천구,67
2021-05-07,영등포구,232
2021-05-07,용산구,0
2021-05-07,은평구,10
2021-05-07,종로구,0
2021-05-07,중구,0
2021-05-07,중랑구,0
2021-05-08,강남구,1
2021-05-08,강동구,0
2021-05-08,강북구,1
2021-05-08,강서구,62
2021-05-08,관악구,508
2021-05-08,구로구,969
2021-05-08,금천구,483
2021-05-08,노원구,17
2021-05-08,도봉구,176
2021-05-08,동작구,168
2021-05-08,마포구,2
2021-05-08,서대문구,15
2021-05-08,서초구,73
2021-05-08,성동구,0
2021-05-08,성북구,0
2021-05-08,송파구,0
2021-05-08,양천구,81
2021-05-08,영등포구,253
2021-05-08,용산구,0
2021-05-08,은평구,38
2021-05-08,종로구,0
2021-05-08,중구,0
2021-05-08,중랑구,0
2021-05-09,강남구,0
2021-05-09,강동구,0
2021-05-09,강북구,0
2021-05-09,강서구,43
2021-05-09,관악구,493
2021-05-09,구로구,777
2021-05-09,금천구,450
2021-05-09,노원구,29
2021-05-09,도봉구,154
2021-05-09,동작구,140
2021-05-09,마포구,1
2021-05-09,서대문구,4
2021-05-09,서초구,52
2021-05-09,성동구,0
2021-05-09,성북구,0
2021-05-09,송파구,0
2021-05-09,양천구,73
2021-05-09,영등포구,306
2021-05-09,용산구,0
2021-05-09,은평구,24
2021-05-09,종로구,0
2021-05-09,중구,0
2021-05-09,중랑구,0
2021-05-10,강남구,0
2021-05-10,강동구,0
2021-05-10,강북구,0
2021-05-10,강서구,47
2021-05-10,관악구,361
2021-05-10,구로구,504
2021-05-10,금천구,361
2021-05-10,노원구,19
2021-05-10,도봉구,72
2021-05-10,동작구,90
2021-05-10,마포구,0
2021-05-10,서대문구,13
2021-05-10,서초구,48
2021-05-10,성동구,0
2021-05-10,성북구,0
2021-05-10,송파구,0
2021-05-10,양천구,54
2021-05-10,영등포구,190
2021-05-10,용산구,0
2021-05-10,은평구,24
2021-05-10,종로구,0
2021-05-10,중구,0
2021-05-10,중랑구,0
2021-05-11,강남구,0
2021-05-11,강동구,0
2021-05-11,강북구,0
2021-05-11,강서구,36
2021-05-11,관악구,329
2021-05-11,구로구,480
2021-05-11,금천구,336
2021-05-11,노원구,8
2021-05-11,도봉구,97
2021-05-11,동작구,109
2021-05-11,마포구,3
2021-05-11,서대문구,8
2021-05-11,서초구,55
2021-05-11,성동구,0
2021-05-11,성북구,0
2021-05-11,송파구,0
2021-05-11,양천구,95
2021-05-11,영등포구,209
2021-05-11,용산구,0
2021-05-11,은평구,28
2021-05-11,종로구,0
2021-05-11,중구,0
2021-05-11,중랑구,0
2021-05-12,강남구,0
2021-05-12,강동구,0
2021-05-12,강북구,1
2021-05-12,강서구,28
2021-05-12,관악구,324
2021-05-12,구로구,460
2021-05-12,금천구,346
2021-05-12,노원구,23
2021-05-12,도봉구,112
2021-05-12,동작구,105
2021-05-12,마포구,2
2021-05-12,서대문구,8
2021-05-12,서초구,63
2021-05-12,성동구,0
2021-05-12,성북구,0
2021-05-12,송파구,0
2021-05-12,양천구,89
2021-05-12,영등포구,163
2021-05-12,용산구,0
2021-05-12,은평구,20
2021-05-12,종로구,0
2021-05-12,중구,0
2021-05-12,중랑구,0
2021-05-13,강남구,0
2021-05-13,강동구,0
2021-05-13,강북구,0
2021-05-13,강서구,25
2021-05-13,관악구,343
2021-05-13,구로구,516
2021-05-13,금천구,407
2021-05-13,노원구,16
2021-05-13,도봉구,120
2021-05-13,동작구,118
2021-05-13,마포구,2
2021-05-13,서대문구,10
2021-05-13,서초구,54
2021-05-13,성동구,0
2021-05-13,성북구,0
2021-05-13,송파구,0
2021-05-13,양천구,87
2021-05-13,영등포구,183
2021-05-13,용산구,0
2021-05-13,은평구,13
2021-05-13,종로구,0
2021-05-13,중구,0
2021-05-13,중랑구,1
2021-05-14,강남구,0
2021-05-14,강동구,0
2021-05-14,강북구,2
2021-05-14,강서구,64
2021-05-14,관악구,828
2021-05-14,구로구,1410
2021-05-14,금천구,814
2021-05-14,노원구,42
2021-05-14,도봉구,308
2021-05-14,동작구,254
2021-05-14,마포구,4
2021-05-14,서대문구,18
2021-05-14,서초구,100
2021-05-14,성동구,0
2021-05-14,성북구,0
2021-05-14,송파구,0
2021-05-14,양천구,124
2021-05-14,영등포구,454
2021-05-14,용산구,0
2021-05-14,은평구,50
2021-05-14,종로구,0
2021-05-14,중구,0
2021-05-14,중랑구,0
2021-05-15,강남구,0
2021-05-15,강동구,0
2021-05-15,강북구,0
2021-05-15,강서구,2
2021-05-15,관악구,22
2021-05-15,구로구,20
2021-05-15,금천구,11
2021-05-15,노원구,0
2021-05-15,도봉구,0
2021-05-15,동작구,8
2021-05-15,마포구,0
2021-05-15,서대문구,0
2021-05-15,서초구,12
2021-05-15,성동구,0
2021-05-15,성북구,0
2021-05-15,송파구,0
2021-05-15,양천구,0
2021-05-15,영등포구,6
2021-05-15,용산구,0
2021-05-15,은평구,2
2021-05-15,종로구,0
2021-05-15,중구,0
2021-05-15,중랑구,0
2021-05-16,강남구,0
2021-05-16,강동구,0
2021-05-16,강북구,0
2021-05-16,강서구,46
2021-05-16,관악구,459
2021-05-16,구로구,547
2021-05-16,금천구,583
2021-05-16,노원구,15
2021-05-16,도봉구,157
2021-05-16,동작구,130
2021-05-16,마포구,4
2021-05-16,서대문구,18
2021-05-16,서초구,72
2021-05-16,성동구,0
2021-05-16,성북구,0
2021-05-16,송파구,0
2021-05-16,양천구,77
2021-05-16,영등포구,232
2021-05-16,용산구,0
2021-05-16,은평구,20
2021-05-16,종로구,0
2021-05-16,중구,0
2021-05-16,중랑구,0
2021-05-17,강남구,0
2021-05-17,강동구,0
2021-05-17,강북구,0
2021-05-17,강서구,30
2021-05-17,관악구,391
2021-05-17,구로구,565
2021-05-17,금천구,376
2021-05-17,노원구,26
2021-05-17,도봉구,124
2021-05-17,동작구,112
2021-05-17,마포구,1
2021-05-17,서대문구,5
2021-05-17,서초구,62
2021-05-17,성동구,0
2021-05-17,성북구,0
2021-05-17,송파구,0
2021-05-17,양천구,65
2021-05-17,영등포구,222
2021-05-17,용산구,0
2021-05-17,은평구,44
2021-05-17,종로구,0
2021-05-17,중구,0
2021-05-17,중랑구,0
2021-05-18,강남구,0
2021-05-18,강동구,0
2021-05-18,강북구,0
2021-05-18,강서구,40
2021-05-18,관악구,474
2021-05-18,구로구,512
2021-05-18,금천구,527
2021-05-18,노원구,34
2021-05-18,도봉구,104
2021-05-18,동작구,114
2021-05-18,마포구,0
2021-05-18,서대문구,3
2021-05-18,서초구,54
2021-05-18,성동구,0
2021-05-18,성북구,0
2021-05-18,송파구,0
2021-05-18,양천구,64
2021-05-18,영등포구,208
2021-05-18,용산구,0
2021-05-18,은평구,38
2021-05-18,종로구,0
2021-05-18,중구,0
2021-05-18,중랑구,0
2021-05-19,강남구,0
2021-05-19,강동구,0
2021-05-19,강북구,1
2021-05-19,강서구,45
2021-05-19,관악구,459
2021-05-19,구로구,673
2021-05-19,금천구,489
2021-05-19,노원구,43
2021-05-19,도봉구,142
2021-05-19,동작구,143
2021-05-19,마포구,0
2021-05-19,서대문구,5
2021-05-19,서초구,57
2021-05-19,성동구,0
2021-05-19,성북구,0
2021-05-19,송파구,0
2021-05-19,양천구,56
2021-05-19,영등포구,244
2021-05-19,용산구,0
2021-05-19,은평구,48
2021-05-19,종로구,0
2021-05-19,중구,0
2021-05-19,중랑구,0
2021-05-20,강남구,0
2021-05-20,강동구,0
2021-05-20,강북구,0
2021-05-20,강서구,78
2021-05-20,관악구,352
2021-05-20,구로구,532
2021-05-20,금천구,428
2021-05-20,노원구,29
2021-05-20,도봉구,87
2021-05-20,동작구,104
2021-05-20,마포구,1
2021-05-20,서대문구,7
2021-05-20,서초구,57
2021-05-20,성동구,0
2021-05-20,성북구,0
2021-05-20,송파구,0
2021-05-20,양천구,48
2021-05-20,영등포구,165
2021-05-20,용산구,0
2021-05-20,은평구,15
2021-05-20,종로구,0
2021-05-20,중구,0
2021-05-20,중랑구,0
2021-05-21,강남구,0
2021-05-21,강동구,0
2021-05-21,강북구,1
2021-05-21,강서구,47
2021-05-21,관악구,444
2021-05-21,구로구,620
2021-05-21,금천구,467
2021-05-21,노원구,34
2021-05-21,도봉구,118
2021-05-21,동작구,123
2021-05-21,마포구,1
2021-05-21,서대문구,8
2021-05-21,서초구,64
2021-05-21,성동구,0
2021-05-21,성북구,0
2021-05-21,송파구,0
2021-05-21,양천구,73
2021-05-21,영등포구,236
2021-05-21,용산구,0
2021-05-21,은평구,22
2021-05-21,종로구,0
2021-05-21,중구,0
2021-05-21,중랑구,0
2021-05-22,강남구,0
2021-05-22,강동구,0
2021-05-22,강북구,0
2021-05-22,강서구,39
2021-05-22,관악구,529
2021-05-22,구로구,748
2021-05-22,금천구,968
2021-05-22,노원구,51
2021-05-22,도봉구,143
2021-05-22,동작구,144
2021-05-22,마포구,2
2021-05-22,서대문구,9
2021-05-22,서초구,71
2021-05-22,성동구,0
2021-05-22,성북구,0
2021-05-22,송파구,0
2021-05-22,양천구,63
2021-05-22,영등포구,276
2021-05-22,용산구,0
2021-05-22,은평구,25
2021-05-22,종로구,1
2021-05-22,중구,0
2021-05-22,중랑구,0
2021-05-23,강남구,0
2021-05-23,강동구,0
2021-05-23,강북구,0
2021-05-23,강서구,47
2021-05-23,관악구,516
2021-05-23,구로구,805
2021-05-23,금천구,473
2021-05-23,노원구,57
2021-05-23,도봉구,131
2021-05-23,동작구,137
2021-05-23,마포구,1
2021-05-23,서대문구,5
2021-05-23,서초구,68
2021-05-23,성동구,0
2021-05-23,성북구,0
2021-05-23,송파구,0
2021-05-23,양천구,50
2021-05-23,영등포구,301
2021-05-23,용산구,0
2021-05-23,은평구,19
2021-05-23,종로구,1
2021-05-23,중구,0
2021-05-23,중랑구,0
2021-05-24,강남구,3
2021-05-24,강동구,0
2021-05-24,강북구,2
2021-05-24,강서구,24
2021-05-24,관악구,304
2021-05-24,구로구,481
2021-05-24,금천구,345
2021-05-24,노원구,18
2021-05-24,도봉구,88
2021-05-24,동작구,98
2021-05-24,마포구,1
2021-05-24,서대문구,8
2021-05-24,서초구,54
2021-05-24,성동구,0
2021-05-24,성북구,0
2021-05-24,송파구,0
2021-05-24,양천구,46
2021-05-24,영등포구,190
2021-05-24,용산구,0
2021-05-24,은평구,17
2021-05-24,종로구,0
2021-05-24,중구,0
2021-05-24,중랑구,0
2021-05-25,강남구,0
2021-05-25,강동구,0
2021-05-25,강북구,0
2021-05-25,강서구,22
2021-05-25,관악구,311
2021-05-25,구로구,489
2021-05-25,금천구,401
2021-05-25,노원구,30
2021-05-25,도봉구,85
2021-05-25,동작구,126
2021-05-25,마포구,0
2021-05-25,서대문구,4
2021-05-25,서초구,54
2021-05-25,성동구,0
2021-05-25,성북구,0
2021-05-25,송파구,0
2021-05-25,양천구,47
2021-05-25,영등포구,217
2021-05-25,용산구,1
2021-05-25,은평구,19
2021-05-25,종로구,0
2021-05-25,중구,0
2021-05-25,중랑구,0
2021-05-26,강남구,0
2021-05-26,강동구,0
2021-05-26,강북구,2
2021-05-26,강서구,23
2021-05-26,관악구,388
2021-05-26,구로구,511
2021-05-26,금천구,400
2021-05-26,노원구,25
2021-05-26,도봉구,101
2021-05-26,동작구,111
2021-05-26,마포구,24
2021-05-26,서대문구,10
2021-05-26,서초구,63
2021-05-26,성동구,0
2021-05-26,성북구,0
2021-05-26,송파구,0
2021-05-26,양천구,40
2021-05-26,영등포구,206
2021-05-26,용산구,0
2021-05-26,은평구,16
2021-05-26,종로구,0
2021-05-26,중구,0
2021-05-26,중랑구,0
2021-05-27,강남구,0
2021-05-27,강동구,0
2021-05-27,강북구,1
2021-05-27,강서구,35
2021-05-27,관악구,393
2021-05-27,구로구,540
2021-05-27,금천구,467
2021-05-27,노원구,15
2021-05-27,도봉구,84
2021-05-27,동작구,129
2021-05-27,마포구,26
2021-05-27,서대문구,5
2021-05-27,서초구,76
2021-05-27,성동구,0
2021-05-27,성북구,0
2021-05-27,송파구,0
2021-05-27,양천구,46
2021-05-27,영등포구,190
2021-05-27,용산구,1
2021-05-27,은평구,8
2021-05-27,종로구,0
2021-05-27,중구,0
2021-05-27,중랑구,0
2021-05-28,강남구,0
2021-05-28,강동구,0
2021-05-28,강북구,0
2021-05-28,강서구,56
2021-05-28,관악구,439
2021-05-28,구로구,629
2021-05-28,금천구,515
2021-05-28,노원구,19
2021-05-28,도봉구,136
2021-05-28,동작구,116
2021-05-28,마포구,32
2021-05-28,서대문구,6
2021-05-28,서초구,75
2021-05-28,성동구,0
2021-05-28,성북구,0
2021-05-28,송파구,0
2021-05-28,양천구,55
2021-05-28,영등포구,242
2021-05-28,용산구,2
2021-05-28,은평구,11
2021-05-28,종로구,1
2021-05-28,중구,0
2021-05-28,중랑구,0
2021-05-29,강남구,0
2021-05-29,강동구,0
2021-05-29,강북구,0
2021-05-29,강서구,53
2021-05-29,관악구,629
2021-05-29,구로구,833
2021-05-29,금천구,508
2021-05-29,노원구,14
2021-05-29,도봉구,199
2021-05-29,동작구,155
2021-05-29,마포구,50
2021-05-29,서대문구,15
2021-05-29,서초구,77
2021-05-29,성동구,0
2021-05-29,성북구,0
2021-05-29,송파구,0
2021-05-29,양천구,77
2021-05-29,영등포구,268
2021-05-29,용산구,1
2021-05-29,은평구,27
2021-05-29,종로구,0
2021-05-29,중구,0
2021-05-29,중랑구,0
2021-05-30,강남구,0
2021-05-30,강동구,0
2021-05-30,강북구,0
2021-05-30,강서구,42
2021-05-30,관악구,616
2021-05-30,구로구,759
2021-05-30,금천구,520
2021-05-30,노원구,11
2021-05-30,도봉구,133
2021-05-30,동작구,155
2021-05-30,마포구,45
2021-05-30,서대문구,13
2021-05-30,서초구,78
2021-05-30,성동구,0
2021-05-30,성북구,0
2021-05-30,송파구,0
2021-05-30,양천구,52
2021-05-30,영등포구,272
2021-05-30,용산구,0
2021-05-30,은평구,32
2021-05-30,종로구,0
2021-05-30,중구,0
2021-05-30,중랑구,0
2021-05-31,강남구,0
2021-05-31,강동구,0
2021-05-31,강북구,1
2021-05-31,강서구,33
2021-05-31,관악구,420
2021-05-31,구로구,511
2021-05-31,금천구,363
2021-05-31,노원구,17
2021-05-31,도봉구,72
2021-05-31,동작구,89
2021-05-31,마포구,38
2021-05-31,서대문구,17
2021-05-31,서초구,65
2021-05-31,성동구,0
2021-05-31,성북구,0
2021-05-31,송파구,0
2021-05-31,양천구,54
2021-05-31,영등포구,196
2021-05-31,용산구,0
2021-05-31,은평구,16
2021-05-31,종로구,0
2021-05-31,중구,0
2021-05-31,중랑구,0
2021-06-01,강남구,0
2021-06-01,강동구,0
2021-06-01,강북구,0
2021-06-01,강서구,34
2021-06-01,관악구,395
2021-06-01,구로구,400
2021-06-01,금천구,346
2021-06-01,노원구,19
2021-06-01,도봉구,111
2021-06-01,동작구,98
2021-06-01,마포구,25
2021-06-01,서대문구,10
2021-06-01,서초구,67
2021-06-01,성동구,0
2021-06-01,성북구,0
2021-06-01,송파구,0
2021-06-01,양천구,71
2021-06-01,영등포구,178
2021-06-01,용산구,0
2021-06-01,은평구,35
2021-06-01,종로구,0
2021-06-01,중구,0
2021-06-01,중랑구,0
2021-06-02,강남구,0
2021-06-02,강동구,0
2021-06-02,강북구,0
2021-06-02,강서구,33
2021-06-02,관악구,425
2021-06-02,구로구,486
2021-06-02,금천구,403
2021-06-02,노원구,13
2021-06-02,도봉구,100
2021-06-02,동작구,105
2021-06-02,마포구,29
2021-06-02,서대문구,14
2021-06-02,서초구,63
2021-06-02,성동구,0
2021-06-02,성북구,0
2021-06-02,송파구,0
2021-06-02,양천구,76
2021-06-02,영등포구,166
2021-06-02,용산구,0
2021-06-02,은평구,23
2021-06-02,종로구,0
2021-06-02,중구,0
2021-06-02,중랑구,0
2021-06-03,강남구,0
2021-06-03,강동구,0
2021-06-03,강북구,0
2021-06-03,강서구,50
2021-06-03,관악구,496
2021-06-03,구로구,564
2021-06-03,금천구,517
2021-06-03,노원구,15
2021-06-03,도봉구,125
2021-06-03,동작구,105
2021-06-03,마포구,43
2021-06-03,서대문구,23
2021-06-03,서초구,72
2021-06-03,성동구,0
2021-06-03,성북구,0
2021-06-03,송파구,0
2021-06-03,양천구,84
2021-06-03,영등포구,174
2021-06-03,용산구,0
2021-06-03,은평구,15
2021-06-03,종로구,0
2021-06-03,중구,0
2021-06-03,중랑구,0
2021-06-04,강남구,0
2021-06-04,강동구,0
2021-06-04,강북구,0
2021-06-04,강서구,50
2021-06-04,관악구,470
2021-06-04,구로구,577
2021-06-04,금천구,496
2021-06-04,노원구,16
2021-06-04,도봉구,130
2021-06-04,동작구,127
2021-06-04,마포구,40
2021-06-04,서대문구,15
2021-06-04,서초구,98
2021-06-04,성동구,0
2021-06-04,성북구,0
2021-06-04,송파구,0
2021-06-04,양천구,77
2021-06-04,영등포구,197
2021-06-04,용산구,1
2021-06-04,은평구,15
2021-06-04,종로구,0
2021-06-04,중구,0
2021-06-04,중랑구,0
2021-06-05,강남구,0
2021-06-05,강동구,0
2021-06-05,강북구,0
2021-06-05,강서구,53
2021-06-05,관악구,672
2021-06-05,구로구,764
2021-06-05,금천구,511
2021-06-05,노원구,17
2021-06-05,도봉구,131
2021-06-05,동작구,177
2021-06-05,마포구,45
2021-06-05,서대문구,14
2021-06-05,서초구,89
2021-06-05,성동구,0
2021-06-05,성북구,0
2021-06-05,송파구,0
2021-06-05,양천구,70
2021-06-05,영등포구,248
2021-06-05,용산구,0
2021-06-05,은평구,32
2021-06-05,종로구,0
2021-06-05,중구,0
2021-06-05,중랑구,0
2021-06-06,강남구,0
2021-06-06,강동구,0
2021-06-06,강북구,1
2021-06-06,강서구,68
2021-06-06,관악구,703
2021-06-06,구로구,739
2021-06-06,금천구,552
2021-06-06,노원구,13
2021-06-06,도봉구,145
2021-06-06,동작구,161
2021-06-06,마포구,57
2021-06-06,서대문구,26
2021-06-06,서초구,70
2021-06-06,성동구,1
2021-06-06,성북구,0
2021-06-06,송파구,0
2021-06-06,양천구,88
2021-06-06,영등포구,213
2021-06-06,용산구,0
2021-06-06,은평구,12
2021-06-06,종로구,0
2021-06-06,중구,0
2021-06-06,중랑구,0
2021-06-07,강남구,0
2021-06-07,강동구,0
2021-06-07,강북구,0
2021-06-07,강서구,27
2021-06-07,관악구,460
2021-06-07,구로구,426
2021-06-07,금천구,353
2021-06-07,노원구,6
2021-06-07,도봉구,79
2021-06-07,동작구,108
2021-06-07,마포구,35
2021-06-07,서대문구,5
2021-06-07,서초구,73
2021-06-07,성동구,2
2021-06-07,성북구,0
2021-06-07,송파구,0
2021-06-07,양천구,50
2021-06-07,영등포구,183
2021-06-07,용산구,0
2021-06-07,은평구,1
2021-06-07,종로구,0
2021-06-07,중구,0
2021-06-07,중랑구,0
2021-06-08,강남구,0
2021-06-08,강동구,0
2021-06-08,강북구,0
2021-06-08,강서구,46
2021-06-08,관악구,423
2021-06-08,구로구,482
2021-06-08,금천구,376
2021-06-08,노원구,15
2021-06-08,도봉구,65
2021-06-08,동작구,98
2021-06-08,마포구,37
2021-06-08,서대문구,4
2021-06-08,서초구,73
2021-06-08,성동구,1
2021-06-08,성북구,0
2021-06-08,송파구,0
2021-06-08,양천구,68
2021-06-08,영등포구,164
2021-06-08,용산구,0
2021-06-08,은평구,16
2021-06-08,종로구,0
2021-06-08,중구,0
2021-06-08,중랑구,0
2021-06-09,강남구,0
2021-06-09,강동구,0
2021-06-09,강북구,4
2021-06-09,강서구,36
2021-06-09,관악구,440
2021-06-09,구로구,490
2021-06-09,금천구,425
2021-06-09,노원구,14
2021-06-09,도봉구,105
2021-06-09,동작구,111
2021-06-09,마포구,40
2021-06-09,서대문구,7
2021-06-09,서초구,56
2021-06-09,성동구,0
2021-06-09,성북구,0
2021-06-09,송파구,0
2021-06-09,양천구,66
2021-06-09,영등포구,183
2021-06-09,용산구,0
2021-06-09,은평구,19
2021-06-09,종로구,0
2021-06-09,중구,0
2021-06-09,중랑구,0
2021-06-10,강남구,0
2021-06-10,강동구,0
2021-06-10,강북구,0
2021-06-10,강서구,46
2021-06-10,관악구,494
2021-06-10,구로구,509
2021-06-10,금천구,515
2021-06-10,노원구,17
2021-06-10,도봉구,87
2021-06-10,동작구,128
2021-06-10,마포구,35
2021-06-10,서대문구,12
2021-06-10,서초구,78
2021-06-10,성동구,0
2021-06-10,성북구,0
2021-06-10,송파구,0
2021-06-10,양천구,63
2021-06-10,영등포구,160
2021-06-10,용산구,1
2021-06-10,은평구,16
2021-06-10,종로구,0
2021-06-10,중구,0
2021-06-10,중랑구,0
2021-06-11,강남구,0
2021-06-11,강동구,0
2021-06-11,강북구,0
2021-06-11,강서구,35
2021-06-11,관악구,602
2021-06-11,구로구,574
2021-06-11,금천구,543
2021-06-11,노원구,12
2021-06-11,도봉구,108
2021-06-11,동작구,125
2021-06-11,마포구,44
2021-06-11,서대문구,9
2021-06-11,서초구,58
2021-06-11,성동구,0
2021-06-11,성북구,0
2021-06-11,송파구,0
2021-06-11,양천구,76
2021-06-11,영등포구,220
2021-06-11,용산구,2
2021-06-11,은평구,21
2021-06-11,종로구,0
2021-06-11,중구,0
2021-06-11,중랑구,0
2021-06-12,강남구,0
2021-06-12,강동구,0
2021-06-12,강북구,0
2021-06-12,강서구,62
2021-06-12,관악구,814
2021-06-12,구로구,768
2021-06-12,금천구,578
2021-06-12,노원구,17
2021-06-12,도봉구,158
2021-06-12,동작구,172
2021-06-12,마포구,49
2021-06-12,서대문구,13
2021-06-12,서초구,95
2021-06-12,성동구,1
2021-06-12,성북구,0
2021-06-12,송파구,0
2021-06-12,양천구,78
2021-06-12,영등포구,242
2021-06-12,용산구,0
2021-06-12,은평구,9
2021-06-12,종로구,0
2021-06-12,중구,0
2021-06-12,중랑구,0
2021-06-13,강남구,1
2021-06-13,강동구,0
2021-06-13,강북구,1
2021-06-13,강서구,41
2021-06-13,관악구,879
2021-06-13,구로구,792
2021-06-13,금천구,581
2021-06-13,노원구,19
2021-06-13,도봉구,131
2021-06-13,동작구,172
2021-06-13,마포구,45
2021-06-13,서대문구,10
2021-06-13,서초구,83
2021-06-13,성동구,2
2021-06-13,성북구,0
2021-06-13,송파구,0
2021-06-13,양천구,78
2021-06-13,영등포구,244
2021-06-13,용산구,2
2021-06-13,은평구,26
2021-06-13,종로구,0
2021-06-13,중구,0
2021-06-13,중랑구,0
2021-06-14,강남구,0
2021-06-14,강동구,0
2021-06-14,강북구,0
2021-06-14,강서구,19
2021-06-14,관악구,397
2021-06-14,구로구,481
2021-06-14,금천구,404
2021-06-14,노원구,16
2021-06-14,도봉구,70
2021-06-14,동작구,126
2021-06-14,마포구,32
2021-06-14,서대문구,11
2021-06-14,서초구,76
2021-06-14,성동구,0
2021-06-14,성북구,0
2021-06-14,송파구,0
2021-06-14,양천구,76
2021-06-14,영등포구,164
2021-06-14,용산구,1
2021-06-14,은평구,8
2021-06-14,종로구,0
2021-06-14,중구,0
2021-06-14,중랑구,0
2021-06-15,강남구,0
2021-06-15,강동구,0
2021-06-15,강북구,0
2021-06-15,강서구,27
2021-06-15,관악구,425
2021-06-15,구로구,463
2021-06-15,금천구,452
2021-06-15,노원구,14
2021-06-15,도봉구,98
2021-06-15,동작구,151
2021-06-15,마포구,28
2021-06-15,서대문구,13
2021-06-15,서초구,74
2021-06-15,성동구,1
2021-06-15,성북구,0
2021-06-15,송파구,0
2021-06-15,양천구,80
2021-06-15,영등포구,197
2021-06-15,용산구,0
2021-06-15,은평구,38
2021-06-15,종로구,1
2021-06-15,중구,0
2021-06-15,중랑구,0
2021-06-16,강남구,0
2021-06-16,강동구,0
2021-06-16,강북구,0
2021-06-16,강서구,26
2021-06-16,관악구,433
2021-06-16,구로구,516
2021-06-16,금천구,473
2021-06-16,노원구,13
2021-06-16,도봉구,77
2021-06-16,동작구,138
2021-06-16,마포구,27
2021-06-16,서대문구,10
2021-06-16,서초구,70
2021-06-16,성동구,0
2021-06-16,성북구,0
2021-06-16,송파구,0
2021-06-16,양천구,71
2021-06-16,영등포구,185
2021-06-16,용산구,0
2021-06-16,은평구,13
2021-06-16,종로구,0
2021-06-16,중구,0
2021-06-16,중랑구,0
2021-06-17,강남구,0
2021-06-17,강동구,0
2021-06-17,강북구,0
2021-06-17,강서구,21
2021-06-17,관악구,410
2021-06-17,구로구,487
2021-06-17,금천구,511
2021-06-17,노원구,14
2021-06-17,도봉구,102
2021-06-17,동작구,138
2021-06-17,마포구,30
2021-06-17,서대문구,16
2021-06-17,서초구,84
2021-06-17,성동구,0
2021-06-17,성북구,0
2021-06-17,송파구,0
2021-06-17,양천구,75
2021-06-17,영등포구,193
2021-06-17,용산구,0
2021-06-17,은평구,15
2021-06-17,종로구,0
2021-06-17,중구,0
2021-06-17,중랑구,0
2021-06-18,강남구,1
2021-06-18,강동구,0
2021-06-18,강북구,0
2021-06-18,강서구,36
2021-06-18,관악구,540
2021-06-18,구로구,594
2021-06-18,금천구,574
2021-06-18,노원구,20
2021-06-18,도봉구,107
2021-06-18,동작구,144
2021-06-18,마포구,44
2021-06-18,서대문구,11
2021-06-18,서초구,74
2021-06-18,성동구,0
2021-06-18,성북구,0
2021-06-18,송파구,0
2021-06-18,양천구,81
2021-06-18,영등포구,206
2021-06-18,용산구,0
2021-06-18,은평구,16
2021-06-18,종로구,0
2021-06-18,중구,0
2021-06-18,중랑구,0
2021-06-19,강남구,0
2021-06-19,강동구,0
2021-06-19,강북구,0
2021-06-19,강서구,41
2021-06-19,관악구,643
2021-06-19,구로구,768
2021-06-19,금천구,578
2021-06-19,노원구,16
2021-06-19,도봉구,130
2021-06-19,동작구,159
2021-06-19,마포구,49
2021-06-19,서대문구,16
2021-06-19,서초구,53
2021-06-19,성동구,2
2021-06-19,성북구,0
2021-06-19,송파구,0
2021-06-19,양천구,86
2021-06-19,영등포구,212
2021-06-19,용산구,0
2021-06-19,은평구,13
2021-06-19,종로구,0
2021-06-19,중구,0
2021-06-19,중랑구,0
2021-06-20,강남구,0
2021-06-20,강동구,0
2021-06-20,강북구,0
2021-06-20,강서구,43
2021-06-20,관악구,663
2021-06-20,구로구,784
2021-06-20,금천구,526
2021-06-20,노원구,18
2021-06-20,도봉구,170
2021-06-20,동작구,179
2021-06-20,마포구,38
2021-06-20,서대문구,17
2021-06-20,서초구,77
2021-06-20,성동구,0
2021-06-20,성북구,0
2021-06-20,송파구,0
2021-06-20,양천구,128
2021-06-20,영등포구,243
2021-06-20,용산구,1
2021-06-20,은평구,25
2021-06-20,종로구,0
2021-06-20,중구,0
2021-06-20,중랑구,0
2021-06-21,강남구,0
2021-06-21,강동구,0
2021-06-21,강북구,0
2021-06-21,강서구,25
2021-06-21,관악구,406
2021-06-21,구로구,462
2021-06-21,금천구,441
2021-06-21,노원구,2
2021-06-21,도봉구,42
2021-06-21,동작구,110
2021-06-21,마포구,27
2021-06-21,서대문구,10
2021-06-21,서초구,73
2021-06-21,성동구,0
2021-06-21,성북구,0
2021-06-21,송파구,0
2021-06-21,양천구,67
2021-06-21,영등포구,184
2021-06-21,용산구,0
2021-06-21,은평구,19
2021-06-21,종로구,0
2021-06-21,중구,0
2021-06-21,중랑구,0
2021-06-22,강남구,0
2021-06-22,강동구,0
2021-06-22,강북구,0
2021-06-22,강서구,45
2021-06-22,관악구,420
2021-06-22,구로구,435
2021-06-22,금천구,436
2021-06-22,노원구,13
2021-06-22,도봉구,85
2021-06-22,동작구,114
2021-06-22,마포구,25
2021-06-22,서대문구,7
2021-06-22,서초구,77
2021-06-22,성동구,0
2021-06-22,성북구,0
2021-06-22,송파구,0
2021-06-22,양천구,87
2021-06-22,영등포구,220
2021-06-22,용산구,0
2021-06-22,은평구,16
2021-06-22,종로구,0
2021-06-22,중구,0
2021-06-22,중랑구,0
2021-06-23,강남구,0
2021-06-23,강동구,0
2021-06-23,강북구,0
2021-06-23,강서구,37
2021-06-23,관악구,413
2021-06-23,구로구,456
2021-06-23,금천구,485
2021-06-23,노원구,15
2021-06-23,도봉구,95
2021-06-23,동작구,116
2021-06-23,마포구,31
2021-06-23,서대문구,6
2021-06-23,서초구,69
2021-06-23,성동구,1
2021-06-23,성북구,0
2021-06-23,송파구,0
2021-06-23,양천구,89
2021-06-23,영등포구,149
2021-06-23,용산구,3
2021-06-23,은평구,6
2021-06-23,종로구,0
2021-06-23,중구,0
2021-06-23,중랑구,0
2021-06-24,강남구,1
2021-06-24,강동구,0
2021-06-24,강북구,0
2021-06-24,강서구,33
2021-06-24,관악구,382
2021-06-24,구로구,504
2021-06-24,금천구,454
2021-06-24,노원구,12
2021-06-24,도봉구,85
2021-06-24,동작구,116
2021-06-24,마포구,39
2021-06-24,서대문구,10
2021-06-24,서초구,80
2021-06-24,성동구,0
2021-06-24,성북구,0
2021-06-24,송파구,0
2021-06-24,양천구,88
2021-06-24,영등포구,159
2021-06-24,용산구,1
2021-06-24,은평구,13
2021-06-24,종로구,0
2021-06-24,중구,0
2021-06-24,중랑구,0
2021-06-25,강남구,0
2021-06-25,강동구,0
2021-06-25,강북구,1
2021-06-25,강서구,49
2021-06-25,관악구,475
2021-06-25,구로구,592
2021-06-25,금천구,548
2021-06-25,노원구,26
2021-06-25,도봉구,121
2021-06-25,동작구,132
2021-06-25,마포구,40
2021-06-25,서대문구,10
2021-06-25,서초구,86
2021-06-25,성동구,0
2021-06-25,성북구,0
2021-06-25,송파구,0
2021-06-25,양천구,95
2021-06-25,영등포구,213
2021-06-25,용산구,1
2021-06-25,은평구,20
2021-06-25,종로구,1
2021-06-25,중구,0
2021-06-25,중랑구,0
2021-06-26,강남구,0
2021-06-26,강동구,0
2021-06-26,강북구,0
2021-06-26,강서구,70
2021-06-26,관악구,669
2021-06-26,구로구,746
2021-06-26,금천구,535
2021-06-26,노원구,20
2021-06-26,도봉구,154
2021-06-26,동작구,196
2021-06-26,마포구,59
2021-06-26,서대문구,5
2021-06-26,서초구,94
2021-06-26,성동구,2
2021-06-26,성북구,0
2021-06-26,송파구,0
2021-06-26,양천구,95
2021-06-26,영등포구,232
2021-06-26,용산구,0
2021-06-26,은평구,61
2021-06-26,종로구,0
2021-06-26,중구,0
2021-06-26,중랑구,0
2021-06-27,강남구,0
2021-06-27,강동구,0
2021-06-27,강북구,0
2021-06-27,강서구,51
2021-06-27,관악구,717
2021-06-27,구로구,809
2021-06-27,금천구,624
2021-06-27,노원구,22
2021-06-27,도봉구,132
2021-06-27,동작구,187
2021-06-27,마포구,46
2021-06-27,서대문구,12
2021-06-27,서초구,87
2021-06-27,성동구,0
2021-06-27,성북구,0
2021-06-27,송파구,0
2021-06-27,양천구,107
2021-06-27,영등포구,264
2021-06-27,용산구,1
2021-06-27,은평구,44
2021-06-27,종로구,0
2021-06-27,중구,0
2021-06-27,중랑구,0
2021-06-28,강남구,0
2021-06-28,강동구,0
2021-06-28,강북구,1
2021-06-28,강서구,26
2021-06-28,관악구,376
2021-06-28,구로구,460
2021-06-28,금천구,410
2021-06-28,노원구,10
2021-06-28,도봉구,52
2021-06-28,동작구,122
2021-06-28,마포구,29
2021-06-28,서대문구,10
2021-06-28,서초구,66
2021-06-28,성동구,0
2021-06-28,성북구,0
2021-06-28,송파구,0
2021-06-28,양천구,71
2021-06-28,영등포구,194
2021-06-28,용산구,3
2021-06-28,은평구,12
2021-06-28,종로구,1
2021-06-28,중구,0
2021-06-28,중랑구,0
2021-06-29,강남구,0
2021-06-29,강동구,0
2021-06-29,강북구,0
2021-06-29,강서구,37
2021-06-29,관악구,397
2021-06-29,구로구,525
2021-06-29,금천구,438
2021-06-29,노원구,14
2021-06-29,도봉구,99
2021-06-29,동작구,104
2021-06-29,마포구,35
2021-06-29,서대문구,10
2021-06-29,서초구,82
2021-06-29,성동구,0
2021-06-29,성북구,0
2021-06-29,송파구,0
2021-06-29,양천구,97
2021-06-29,영등포구,200
2021-06-29,용산구,1
2021-06-29,은평구,22
2021-06-29,종로구,0
2021-06-29,중구,0
2021-06-29,중랑구,0
2021-06-30,강남구,0
2021-06-30,강동구,0
2021-06-30,강북구,2
2021-06-30,강서구,35
2021-06-30,관악구,424
2021-06-30,구로구,525
2021-06-30,금천구,474
2021-06-30,노원구,17
2021-06-30,도봉구,111
2021-06-30,동작구,112
2021-06-30,마포구,37
2021-06-30,서대문구,9
2021-06-30,서초구,77
2021-06-30,성동구,0
2021-06-30,성북구,0
2021-06-30,송파구,0
2021-06-30,양천구,94
2021-06-30,영등포구,152
2021-06-30,용산구,2
2021-06-30,은평구,13
2021-06-30,종로구,0
2021-06-30,중구,0
2021-06-30,중랑구,0
2021-07-01,강남구,0
2021-07-01,강동구,0
2021-07-01,강북구,0
2021-07-01,강서구,32
2021-07-01,관악구,473
2021-07-01,구로구,513
2021-07-01,금천구,557
2021-07-01,노원구,13
2021-07-01,도봉구,102
2021-07-01,동작구,138
2021-07-01,마포구,29
2021-07-01,서대문구,10
2021-07-01,서초구,73
2021-07-01,성동구,0
2021-07-01,성북구,0
2021-07-01,송파구,0
2021-07-01,양천구,111
2021-07-01,영등포구,160
2021-07-01,용산구,0
2021-07-01,은평구,10
2021-07-01,종로구,0
2021-07-01,중구,0
2021-07-01,중랑구,0
2021-07-02,강남구,0
2021-07-02,강동구,0
2021-07-02,강북구,1
2021-07-02,강서구,53
2021-07-02,관악구,512
2021-07-02,구로구,611
2021-07-02,금천구,566
2021-07-02,노원구,25
2021-07-02,도봉구,143
2021-07-02,동작구,140
2021-07-02,마포구,42
2021-07-02,서대문구,6
2021-07-02,서초구,91
2021-07-02,성동구,0
2021-07-02,성북구,0
2021-07-02,송파구,0
2021-07-02,양천구,100
2021-07-02,영등포구,216
2021-07-02,용산구,0
2021-07-02,은평구,16
2021-07-02,종로구,0
2021-07-02,중구,0
2021-07-02,중랑구,0
2021-07-03,강남구,0
2021-07-03,강동구,0
2021-07-03,강북구,1
2021-07-03,강서구,60
2021-07-03,관악구,711
2021-07-03,구로구,846
2021-07-03,금천구,704
2021-07-03,노원구,33
2021-07-03,도봉구,187
2021-07-03,동작구,184
2021-07-03,마포구,52
2021-07-03,서대문구,19
2021-07-03,서초구,102
2021-07-03,성동구,1
2021-07-03,성북구,0
2021-07-03,송파구,0
2021-07-03,양천구,109
2021-07-03,영등포구,264
2021-07-03,용산구,0
2021-07-03,은평구,21
2021-07-03,종로구,0
2021-07-03,중구,1
2021-07-03,중랑구,0
2021-07-04,강남구,0
2021-07-04,강동구,0
2021-07-04,강북구,0
2021-07-04,강서구,42
2021-07-04,관악구,662
2021-07-04,구로구,757
2021-07-04,금천구,672
2021-07-04,노원구,25
2021-07-04,도봉구,173
2021-07-04,동작구,186
2021-07-04,마포구,40
2021-07-04,서대문구,6
2021-07-04,서초구,93
2021-07-04,성동구,0
2021-07-04,성북구,0
2021-07-04,송파구,0
2021-07-04,양천구,126
2021-07-04,영등포구,246
2021-07-04,용산구,1
2021-07-04,은평구,16
2021-07-04,종로구,0
2021-07-04,중구,0
2021-07-04,중랑구,0
2021-07-05,강남구,0
2021-07-05,강동구,0
2021-07-05,강북구,0
2021-07-05,강서구,28
2021-07-05,관악구,350
2021-07-05,구로구,434
2021-07-05,금천구,467
2021-07-05,노원구,12
2021-07-05,도봉구,69
2021-07-05,동작구,91
2021-07-05,마포구,31
2021-07-05,서대문구,2
2021-07-05,서초구,70
2021-07-05,성동구,1
2021-07-05,성북구,0
2021-07-05,송파구,0
2021-07-05,양천구,65
2021-07-05,영등포구,142
2021-07-05,용산구,0
2021-07-05,은평구,31
2021-07-05,종로구,0
2021-07-05,중구,0
2021-07-05,중랑구,0
2021-07-06,강남구,0
2021-07-06,강동구,0
2021-07-06,강북구,0
2021-07-06,강서구,39
2021-07-06,관악구,450
2021-07-06,구로구,417
2021-07-06,금천구,457
2021-07-06,노원구,14
2021-07-06,도봉구,116
2021-07-06,동작구,128
2021-07-06,마포구,33
2021-07-06,서대문구,13
2021-07-06,서초구,65
2021-07-06,성동구,0
2021-07-06,성북구,0
2021-07-06,송파구,0
2021-07-06,양천구,120
2021-07-06,영등포구,174
2021-07-06,용산구,0
2021-07-06,은평구,27
2021-07-06,종로구,0
2021-07-06,중구,0
2021-07-06,중랑구,0
2021-07-07,강남구,0
2021-07-07,강동구,0
2021-07-07,강북구,0
2021-07-07,강서구,33
2021-07-07,관악구,514
2021-07-07,구로구,504
2021-07-07,금천구,453
2021-07-07,노원구,18
2021-07-07,도봉구,105
2021-07-07,동작구,102
2021-07-07,마포구,40
2021-07-07,서대문구,6
2021-07-07,서초구,78
2021-07-07,성동구,0
2021-07-07,성북구,0
2021-07-07,송파구,0
2021-07-07,양천구,90
2021-07-07,영등포구,155
2021-07-07,용산구,1
2021-07-07,은평구,14
2021-07-07,종로구,0
2021-07-07,중구,0
2021-07-07,중랑구,0
2021-07-08,강남구,0
2021-07-08,강동구,0
2021-07-08,강북구,0
2021-07-08,강서구,34
2021-07-08,관악구,516
2021-07-08,구로구,599
2021-07-08,금천구,572
2021-07-08,노원구,21
2021-07-08,도봉구,127
2021-07-08,동작구,144
2021-07-08,마포구,33
2021-07-08,서대문구,8
2021-07-08,서초구,88
2021-07-08,성동구,0
2021-07-08,성북구,0
2021-07-08,송파구,0
2021-07-08,양천구,81
2021-07-08,영등포구,171
2021-07-08,용산구,0
2021-07-08,은평구,9
2021-07-08,종로구,0
2021-07-08,중구,0
2021-07-08,중랑구,0
2021-07-09,강남구,0
2021-07-09,강동구,0
2021-07-09,강북구,1
2021-07-09,강서구,42
2021-07-09,관악구,686
2021-07-09,구로구,638
2021-07-09,금천구,895
2021-07-09,노원구,15
2021-07-09,도봉구,124
2021-07-09,동작구,143
2021-07-09,마포구,47
2021-07-09,서대문구,10
2021-07-09,서초구,78
2021-07-09,성동구,0
2021-07-09,성북구,0
2021-07-09,송파구,0
2021-07-09,양천구,134
2021-07-09,영등포구,230
2021-07-09,용산구,0
2021-07-09,은평구,16
2021-07-09,종로구,0
2021-07-09,중구,0
2021-07-09,중랑구,0
2021-07-10,강남구,0
2021-07-10,강동구,0
2021-07-10,강북구,0
2021-07-10,강서구,60
2021-07-10,관악구,836
2021-07-10,구로구,816
2021-07-10,금천구,973
2021-07-10,노원구,26
2021-07-10,도봉구,189
2021-07-10,동작구,177
2021-07-10,마포구,51
2021-07-10,서대문구,21
2021-07-10,서초구,79
2021-07-10,성동구,2
2021-07-10,성북구,0
2021-07-10,송파구,0
2021-07-10,양천구,157
2021-07-10,영등포구,245
2021-07-10,용산구,1
2021-07-10,은평구,15
2021-07-10,종로구,0
2021-07-10,중구,0
2021-07-10,중랑구,0
2021-07-11,강남구,0
2021-07-11,강동구,0
2021-07-11,강북구,0
2021-07-11,강서구,51
2021-07-11,관악구,852
2021-07-11,구로구,802
2021-07-11,금천구,1036
2021-07-11,노원구,31
2021-07-11,도봉구,249
2021-07-11,동작구,200
2021-07-11,마포구,61
2021-07-11,서대문구,17
2021-07-11,서초구,89
2021-07-11,성동구,4
2021-07-11,성북구,0
2021-07-11,송파구,0
2021-07-11,양천구,148
2021-07-11,영등포구,269
2021-07-11,용산구,2
2021-07-11,은평구,69
2021-07-11,종로구,1
2021-07-11,중구,0
2021-07-11,중랑구,0
2021-07-12,강남구,0
2021-07-12,강동구,0
2021-07-12,강북구,1
2021-07-12,강서구,43
2021-07-12,관악구,579
2021-07-12,구로구,504
2021-07-12,금천구,617
2021-07-12,노원구,5
2021-07-12,도봉구,54
2021-07-12,동작구,150
2021-07-12,마포구,25
2021-07-12,서대문구,8
2021-07-12,서초구,72
2021-07-12,성동구,0
2021-07-12,성북구,0
2021-07-12,송파구,0
2021-07-12,양천구,83
2021-07-12,영등포구,207
2021-07-12,용산구,0
2021-07-12,은평구,29
2021-07-12,종로구,0
2021-07-12,중구,0
2021-07-12,중랑구,0
2021-07-13,강남구,0
2021-07-13,강동구,0
2021-07-13,강북구,1
2021-07-13,강서구,37
2021-07-13,관악구,474
2021-07-13,구로구,574
2021-07-13,금천구,741
2021-07-13,노원구,21
2021-07-13,도봉구,118
2021-07-13,동작구,138
2021-07-13,마포구,36
2021-07-13,서대문구,12
2021-07-13,서초구,84
2021-07-13,성동구,0
2021-07-13,성북구,0
2021-07-13,송파구,0
2021-07-13,양천구,106
2021-07-13,영등포구,238
2021-07-13,용산구,2
2021-07-13,은평구,33
2021-07-13,종로구,0
2021-07-13,중구,0
2021-07-13,중랑구,0
2021-07-14,강남구,2
2021-07-14,강동구,0
2021-07-14,강북구,0
2021-07-14,강서구,49
2021-07-14,관악구,547
2021-07-14,구로구,580
2021-07-14,금천구,751
2021-07-14,노원구,19
2021-07-14,도봉구,121
2021-07-14,동작구,166
2021-07-14,마포구,59
2021-07-14,서대문구,16
2021-07-14,서초구,79
2021-07-14,성동구,0
2021-07-14,성북구,0
2021-07-14,송파구,0
2021-07-14,양천구,103
2021-07-14,영등포구,222
2021-07-14,용산구,1
2021-07-14,은평구,18
2021-07-14,종로구,0
2021-07-14,중구,0
2021-07-14,중랑구,0
2021-07-15,강남구,4
2021-07-15,강동구,0
2021-07-15,강북구,0
2021-07-15,강서구,49
2021-07-15,관악구,587
2021-07-15,구로구,650
2021-07-15,금천구,870
2021-07-15,노원구,14
2021-07-15,도봉구,130
2021-07-15,동작구,167
2021-07-15,마포구,46
2021-07-15,서대문구,21
2021-07-15,서초구,80
2021-07-15,성동구,0
2021-07-15,성북구,0
2021-07-15,송파구,0
2021-07-15,양천구,128
2021-07-15,영등포구,206
2021-07-15,용산구,0
2021-07-15,은평구,26
2021-07-15,종로구,0
2021-07-15,중구,0
2021-07-15,중랑구,0
2021-07-16,강남구,1
2021-07-16,강동구,0
2021-07-16,강북구,0
2021-07-16,강서구,56
2021-07-16,관악구,615
2021-07-16,구로구,709
2021-07-16,금천구,1043
2021-07-16,노원구,26
2021-07-16,도봉구,125
2021-07-16,동작구,190
2021-07-16,마포구,49
2021-07-16,서대문구,24
2021-07-16,서초구,90
2021-07-16,성동구,1
2021-07-16,성북구,0
2021-07-16,송파구,0
2021-07-16,양천구,133
2021-07-16,영등포구,307
2021-07-16,용산구,0
2021-07-16,은평구,40
2021-07-16,종로구,0
2021-07-16,중구,0
2021-07-16,중랑구,0
2021-07-17,강남구,2
2021-07-17,강동구,0
2021-07-17,강북구,0
2021-07-17,강서구,66
2021-07-17,관악구,874
2021-07-17,구로구,835
2021-07-17,금천구,1019
2021-07-17,노원구,24
2021-07-17,도봉구,147
2021-07-17,동작구,187
2021-07-17,마포구,58
2021-07-17,서대문구,23
2021-07-17,서초구,113
2021-07-17,성동구,1
2021-07-17,성북구,0
2021-07-17,송파구,0
2021-07-17,양천구,133
2021-07-17,영등포구,281
2021-07-17,용산구,2
2021-07-17,은평구,18
2021-07-17,종로구,0
2021-07-17,중구,0
2021-07-17,중랑구,0
2021-07-18,강남구,0
2021-07-18,강동구,1
2021-07-18,강북구,0
2021-07-18,강서구,62
2021-07-18,관악구,856
2021-07-18,구로구,800
2021-07-18,금천구,912
2021-07-18,노원구,27
2021-07-18,도봉구,142
2021-07-18,동작구,219
2021-07-18,마포구,55
2021-07-18,서대문구,22
2021-07-18,서초구,84
2021-07-18,성동구,2
2021-07-18,성북구,0
2021-07-18,송파구,0
2021-07-18,양천구,132
2021-07-18,영등포구,300
2021-07-18,용산구,0
2021-07-18,은평구,20
2021-07-18,종로구,0
2021-07-18,중구,0
2021-07-18,중랑구,0
2021-07-19,강남구,0
2021-07-19,강동구,0
2021-07-19,강북구,0
2021-07-19,강서구,74
2021-07-19,관악구,508
2021-07-19,구로구,535
2021-07-19,금천구,699
2021-07-19,노원구,19
2021-07-19,도봉구,88
2021-07-19,동작구,123
2021-07-19,마포구,25
2021-07-19,서대문구,6
2021-07-19,서초구,94
2021-07-19,성동구,0
2021-07-19,성북구,0
2021-07-19,송파구,0
2021-07-19,양천구,140
2021-07-19,영등포구,262
2021-07-19,용산구,0
2021-07-19,은평구,23
2021-07-19,종로구,0
2021-07-19,중구,0
2021-07-19,중랑구,0
2021-07-22,강남구,0
2021-07-22,강동구,1
2021-07-22,강북구,0
2021-07-22,강서구,51
2021-07-22,관악구,352
2021-07-22,구로구,307
2021-07-22,금천구,395
2021-07-22,노원구,13
2021-07-22,도봉구,88
2021-07-22,동작구,84
2021-07-22,마포구,31
2021-07-22,서대문구,9
2021-07-22,서초구,31
2021-07-22,성동구,0
2021-07-22,성북구,0
2021-07-22,송파구,0
2021-07-22,양천구,86
2021-07-22,영등포구,130
2021-07-22,용산구,2
2021-07-22,은평구,33
2021-07-22,종로구,0
2021-07-22,중구,0
2021-07-22,중랑구,0
2021-07-23,강남구,1
2021-07-23,강동구,0
2021-07-23,강북구,0
2021-07-23,강서구,81
2021-07-23,관악구,674
2021-07-23,구로구,643
2021-07-23,금천구,674
2021-07-23,노원구,34
2021-07-23,도봉구,180
2021-07-23,동작구,175
2021-07-23,마포구,21
2021-07-23,서대문구,10
2021-07-23,서초구,83
2021-07-23,성동구,2
2021-07-23,성북구,0
2021-07-23,송파구,0
2021-07-23,양천구,136
2021-07-23,영등포구,360
2021-07-23,용산구,0
2021-07-23,은평구,27
2021-07-23,종로구,0
2021-07-23,중구,0
2021-07-23,중랑구,0
2021-07-24,강남구,1
2021-07-24,강동구,0
2021-07-24,강북구,0
2021-07-24,강서구,130
2021-07-24,관악구,781
2021-07-24,구로구,773
2021-07-24,금천구,778
2021-07-24,노원구,25
2021-07-24,도봉구,199
2021-07-24,동작구,206
2021-07-24,마포구,61
2021-07-24,서대문구,12
2021-07-24,서초구,76
2021-07-24,성동구,1
2021-07-24,성북구,0
2021-07-24,송파구,0
2021-07-24,양천구,185
2021-07-24,영등포구,333
2021-07-24,용산구,1
2021-07-24,은평구,22
2021-07-24,종로구,0
2021-07-24,중구,0
2021-07-24,중랑구,0
2021-07-25,강남구,0
2021-07-25,강동구,0
2021-07-25,강북구,0
2021-07-25,강서구,105
2021-07-25,관악구,831
2021-07-25,구로구,783
2021-07-25,금천구,764
2021-07-25,노원구,24
2021-07-25,도봉구,233
2021-07-25,동작구,229
2021-07-25,마포구,76
2021-07-25,서대문구,27
2021-07-25,서초구,72
2021-07-25,성동구,0
2021-07-25,성북구,0
2021-07-25,송파구,0
2021-07-25,양천구,213
2021-07-25,영등포구,371
2021-07-25,용산구,0
2021-07-25,은평구,33
2021-07-25,종로구,0
2021-07-25,중구,0
2021-07-25,중랑구,0
2021-07-26,강남구,0
2021-07-26,강동구,0
2021-07-26,강북구,0
2021-07-26,강서구,61
2021-07-26,관악구,521
2021-07-26,구로구,451
2021-07-26,금천구,446
2021-07-26,노원구,19
2021-07-26,도봉구,87
2021-07-26,동작구,166
2021-07-26,마포구,43
2021-07-26,서대문구,10
2021-07-26,서초구,78
2021-07-26,성동구,0
2021-07-26,성북구,0
2021-07-26,송파구,0
2021-07-26,양천구,132
2021-07-26,영등포구,285
2021-07-26,용산구,2
2021-07-26,은평구,36
2021-07-26,종로구,0
2021-07-26,중구,0
2021-07-26,중랑구,0
2021-07-27,강남구,0
2021-07-27,강동구,0
2021-07-27,강북구,0
2021-07-27,강서구,36
2021-07-27,관악구,449
2021-07-27,구로구,448
2021-07-27,금천구,533
2021-07-27,노원구,17
2021-07-27,도봉구,104
2021-07-27,동작구,151
2021-07-27,마포구,40
2021-07-27,서대문구,19
2021-07-27,서초구,86
2021-07-27,성동구,0
2021-07-27,성북구,0
2021-07-27,송파구,0
2021-07-27,양천구,125
2021-07-27,영등포구,357
2021-07-27,용산구,1
2021-07-27,은평구,28
2021-07-27,종로구,0
2021-07-27,중구,0
2021-07-27,중랑구,0
2021-07-28,강남구,0
2021-07-28,강동구,1
2021-07-28,강북구,0
2021-07-28,강서구,81
2021-07-28,관악구,562
2021-07-28,구로구,503
2021-07-28,금천구,480
2021-07-28,노원구,21
2021-07-28,도봉구,129
2021-07-28,동작구,169
2021-07-28,마포구,32
2021-07-28,서대문구,13
2021-07-28,서초구,65
2021-07-28,성동구,0
2021-07-28,성북구,0
2021-07-28,송파구,0
2021-07-28,양천구,97
2021-07-28,영등포구,339
2021-07-28,용산구,0
2021-07-28,은평구,37
2021-07-28,종로구,0
2021-07-28,중구,0
2021-07-28,중랑구,0
2021-07-29,강남구,0
2021-07-29,강동구,1
2021-07-29,강북구,0
2021-07-29,강서구,75
2021-07-29,관악구,508
2021-07-29,구로구,473
2021-07-29,금천구,525
2021-07-29,노원구,24
2021-07-29,도봉구,143
2021-07-29,동작구,186
2021-07-29,마포구,30
2021-07-29,서대문구,8
2021-07-29,서초구,79
2021-07-29,성동구,0
2021-07-29,성북구,0
2021-07-29,송파구,0
2021-07-29,양천구,98
2021-07-29,영등포구,318
2021-07-29,용산구,0
2021-07-29,은평구,19
2021-07-29,종로구,1
2021-07-29,중구,0
2021-07-29,중랑구,0
2021-07-30,강남구,0
2021-07-30,강동구,0
2021-07-30,강북구,1
2021-07-30,강서구,85
2021-07-30,관악구,542
2021-07-30,구로구,639
2021-07-30,금천구,654
2021-07-30,노원구,22
2021-07-30,도봉구,141
2021-07-30,동작구,205
2021-07-30,마포구,48
2021-07-30,서대문구,14
2021-07-30,서초구,56
2021-07-30,성동구,1
2021-07-30,성북구,0
2021-07-30,송파구,0
2021-07-30,양천구,120
2021-07-30,영등포구,325
2021-07-30,용산구,3
2021-07-30,은평구,31
2021-07-30,종로구,0
2021-07-30,중구,0
2021-07-30,중랑구,0
2021-07-31,강남구,0
2021-07-31,강동구,0
2021-07-31,강북구,1
2021-07-31,강서구,92
2021-07-31,관악구,627
2021-07-31,구로구,710
2021-07-31,금천구,766
2021-07-31,노원구,23
2021-07-31,도봉구,232
2021-07-31,동작구,232
2021-07-31,마포구,83
2021-07-31,서대문구,28
2021-07-31,서초구,76
2021-07-31,성동구,2
2021-07-31,성북구,0
2021-07-31,송파구,0
2021-07-31,양천구,131
2021-07-31,영등포구,425
2021-07-31,용산구,2
2021-07-31,은평구,73
2021-07-31,종로구,0
2021-07-31,중구,0
2021-07-31,중랑구,0
